Gene_ID,Node_ID,Is_AD_Biomarker,Cluster_k8
ND3,2662,0,8
DAND5,2875,0,2
ELOVL5,2887,0,2
CALB1,992,0,2
DDX59,518,0,2
ZFR2,2698,0,2
RPS23P6,2980,0,2
IFNA2,2980,0,2
FAM122B,2912,0,2
KIAA1598,1993,0,2
SERPINA9,2897,0,2
FDPS,1546,0,2
TMEM35,776,0,2
RIT2,2983,0,2
NDUFV2,2949,0,2
PPP1R21,1021,0,2
ARL15,2961,0,2
BPGM,2937,0,2
SLC38A1,2718,0,2
LINC00343,2945,0,2
SPTAN1,193,0,2
2-Sep,1796,0,2
RP11-589P10.5,2254,0,2
SLC35E2,125,0,2
SHROOM2,939,0,2
ZNF365,2523,0,2
KCNS1,2955,0,2
TNRC6A,1509,0,2
SYT13,614,0,2
ENHO,2664,0,2
NRG3,955,0,2
AAK1,189,0,2
ZSCAN29,2420,0,2
FOXJ3,1248,0,2
KLF4,2631,0,2
C1orf52,785,0,2
KIF5C,2299,0,1
NME1-NME2,2904,0,2
TAC1,389,0,2
TM2D2,1246,0,2
ADNP,1349,0,2
ZFP36,2860,0,2
SLITRK5,1060,0,2
CHD4,2289,0,2
LOC399491,2372,0,1
PITPNM3,1630,0,2
SAC3D1,2481,0,2
C2orf81,2943,0,2
C3orf70,2806,0,2
MRPS28,2937,0,2
BGN,2675,0,2
PNMA1,2840,0,1
ZNF16,2937,0,2
SUGP2,1490,0,2
BRMS1L,2192,0,2
KCTD6,27,0,2
LOC730961,2944,0,2
ERC2-IT1,2845,0,2
TTTY9A,2785,0,2
AIF1L,2664,0,2
RNF4,1237,0,2
MKNK2,2212,0,2
BCAT1,1544,0,2
RABAC1,2239,0,2
KDM2A,2110,0,2
RP4-593H12.1,2785,0,2
LMBRD1,774,0,2
SKP1,2826,0,4
PIP4K2C,2166,0,2
GSTM5,418,0,2
UNG,2939,0,2
HSPBP1,1142,0,2
LPP,2580,0,2
THAP4,584,0,2
FAM198B,2887,0,2
TMSB4X,2603,0,4
TCEAL4,2575,0,1
FAM32A,763,0,2
SLC44A1,2989,0,2
SRP19,2171,0,2
POLR2H,2378,0,2
CHRDL1,2705,0,2
AP3M2,2351,0,2
FTH1,2299,0,1
ATXN1L,1913,0,2
ADAMTS1,2631,0,2
EMX2,2887,0,2
SUN1,1350,0,2
PSMB6,2617,0,2
USP9Y,2573,0,2
CMPK1,1213,0,2
TCF4,2366,0,1
ADCY1,1500,0,2
SNX15,2936,0,2
SLU7,2474,0,2
DCTPP1,2120,0,2
TRMT10C,2192,0,2
PIN1,609,0,2
EXOC1,2967,0,2
RAPH1,2997,0,2
MRPS24,2428,0,2
PSMA2,2790,0,2
IAH1,1196,0,2
CTC-203F4.2,2874,0,2
ITM2A,2940,0,2
MOAP1,2840,0,1
DOCK4,461,0,2
CRELD2,2872,0,2
AVPI1,2466,0,2
UBE2O,2937,0,2
APOE,2887,0,2
TGFBI,1681,0,2
APBA2,166,0,2
MROH7-TTC4,2473,0,2
LIF,2945,0,2
ZNF2,2943,0,2
GAD1,2124,0,2
PSMD2,2577,0,2
DENND5A,1879,0,2
MFF,1096,0,2
KCNK12,720,0,2
PRSS3,705,0,2
UGT8,2284,0,2
HARBI1,2944,0,2
MDH2,1698,0,2
C5orf66,2930,0,2
RUNDC3B,2992,0,2
FAM208A,2713,0,2
G3BP2,2086,0,2
CCSAP,1085,0,2
GRIK5,2177,0,2
LUC7L3,2366,0,1
RP11-389G6.3,869,0,2
OXR1,1719,0,2
PLOD3,676,0,2
ANGEL2,1134,0,2
C11orf49,2384,0,2
CNDP2,2919,0,2
PITHD1,64,0,2
DBNDD1,2937,0,2
ITGB5,2814,0,2
HSPA5,2614,0,2
LOC101928304,2785,0,2
ATIC,2277,0,2
ISG15,1924,0,2
PCMT1,2864,0,1
RPL7L1,2197,0,2
YWHAE,266,0,2
CNTN4,2322,0,2
SLC12A7,2989,0,2
LOC642852,2624,0,2
GPR37L1,2633,0,2
KIAA0485,2288,0,2
LINC00865,954,0,2
STOM,2887,0,2
PARK7,2799,0,4
TMEM30A,2075,0,2
DCAF4L1,2980,0,2
SEC24B,1255,0,2
RBM39,1576,0,2
NR1D2,1453,0,2
EIF4G2,2918,0,2
NMRAL1,1512,0,2
TMEM129,2040,0,2
GTF2B,2995,0,2
RP11-753A21.2,2785,0,2
SRCIN1,2957,0,2
ACTR10,2159,0,2
LOC101930541,2980,0,2
POM121L8P,2944,0,2
FMR1,2844,0,2
EEF2,2234,0,1
CLK1,1407,0,2
LMO4,2014,0,2
ATP6,2662,0,8
EFS,2765,0,2
C20orf194,1483,0,2
SET,2236,0,2
MT1G,2889,0,2
TMEM230,2791,0,2
RAPGEF6,1350,0,2
CYTH3,1644,0,2
LOC100506272,2980,0,2
LOC728084,2945,0,2
ZDHHC7,2978,0,2
CTTN,1384,0,2
SOBP,2638,0,2
SPZ1,2980,0,2
EIF5B,2109,0,2
TSPAN7,2707,0,1
STAC2,1079,0,2
LOC80154,2765,0,2
PNMA6A,1843,0,2
POLR2G,2900,0,2
CORO1C,1497,0,2
PABPC3,2191,0,1
SART1,1378,0,2
CLIP3,1727,0,2
BNIP3,90,0,2
CTIF,454,0,2
RSL24D1,2474,0,2
STX5,2783,0,2
RP6-11O7.2,2446,0,2
KLC1,2331,0,2
TF,2019,0,2
NCOA4,2355,0,1
SNPH,1551,0,2
LOC102725188,2208,0,2
RNF114,1732,0,2
ATP2C1,2013,0,2
TJP1,1855,0,2
PDHX,1902,0,2
RWDD4,2900,0,2
SFT2D2,1760,0,2
PABPC1,2102,0,2
NRSN2,1142,0,2
NKRF,1578,0,2
LOC100134368,2980,0,2
CACNA1A,2109,0,2
HEXIM1,2810,0,2
DAPK1-IT1,2215,0,2
NDUFB2,753,0,2
CAPNS1,2884,0,2
BZW1,1452,0,2
ZNF330,1708,0,2
COX3,2409,0,6
SLITRK1,2395,0,2
SLIT2,2926,0,2
HNRNPD,859,0,2
CELF1,1384,0,2
C5orf30,2446,0,2
UBXN4,2963,0,2
JAZF1,695,0,2
PHRF1,2783,0,2
VAT1,1952,0,2
CHMP4B,1601,0,2
AHCTF1,1274,0,2
LOC101927450,2945,0,2
ELK1,1562,0,2
FAM134C,2499,0,2
ENSA,2130,0,2
TMEM181,1347,0,2
CAPZA1,2773,0,2
RP11-320N7.2,2945,0,2
ZNF70,2945,0,2
PPT1,1095,0,2
EFEMP2,2913,0,2
HMGN1,2621,0,2
LOC101929087,2366,0,1
TIMP2,1249,0,2
GSAP,838,0,2
MGLL,2668,0,2
CTXN3,1836,0,2
CCT6P1,2956,0,2
PYCARD,2944,0,2
RPS5,2904,0,2
MPHOSPH10,566,0,2
HMGN3,2442,0,4
BHMT,2980,0,2
KANSL1,1860,0,2
TEX38,2945,0,2
NADK2,2899,0,2
PARM1,2952,0,2
SLC26A2,2914,0,2
THY1,1427,0,2
ZNF791,1787,0,2
GPR27,2907,0,2
LOC102724870,2782,0,1
CDCA7L,2764,0,2
WDR7,1072,0,2
TMEM222,455,0,2
DOK6,1126,0,2
RFX3,1134,0,2
AX746755,1977,0,2
CCDC6,2082,0,2
MPPED2,847,0,2
CUEDC2,608,0,2
STXBP3,1360,0,2
SERBP1,2587,0,2
KCNJ3,813,0,2
RRAGB,2944,0,2
ARL6IP1,2826,0,4
SLC1A1,996,0,2
SIPA1L1,1168,0,2
RSPO3,1382,0,2
DCX,2336,0,2
SERPINI1,2826,0,4
PC,2847,0,2
DUSP6,953,0,2
SASH1,2795,0,2
MMD,2161,0,2
GABRA2,834,0,2
C2orf74,1213,0,2
MXRA7,2036,0,2
ACTR1A,2884,0,2
ZBTB34,1274,0,2
METTL9,2870,0,2
DCTN1,1983,0,2
LINC00629,2874,0,2
SERINC3,1920,0,2
FOXO3,2763,0,2
MARCKSL1,2888,0,2
ADAM33,2297,0,2
MID2,2930,0,2
BAG3,2889,0,2
PTH2,2943,0,2
ZNF548,2943,0,2
C21orf91,2989,0,2
MOXD1,2943,0,2
DSTN,844,0,2
CST3,454,0,2
SESN1,1485,0,2
UBP1,2991,0,2
RP11-339B21.15,2930,0,2
NDUFA3,115,0,2
GPR88,897,0,2
COMMD3,1214,0,2
S100A2,2945,0,2
FHL1,253,0,2
ARL1,2830,0,2
ABHD10,1546,0,2
RILPL1,830,0,2
CNPY1,2980,0,2
TMEM167A,2486,0,2
RBFA,2943,0,2
NAT8L,2797,0,2
ITGAE,292,0,2
NUDT9,2351,0,2
MMGT1,2394,0,2
TMEM104,2937,0,2
MUSTN1,2631,0,2
ATP5E,2358,0,2
TMEM155,1204,0,2
TCEB2,2904,0,2
PARP2,283,0,2
KCNC1,2971,0,2
SEC16A,1467,0,2
TMEM132D,300,0,2
ATXN7L3B,2768,0,2
SMYD3,2079,0,2
RRAGA,944,0,2
STK24,2772,0,2
PHF13,1702,0,2
TUBB2A,2838,0,4
HSD11B1,2943,0,2
CXXC1,347,0,2
YWHAG,2882,0,7
CDK14,2538,0,2
MRPS22,2995,0,2
SH2B2,1592,0,2
MANBAL,1243,0,2
C15orf61,2468,0,2
GJA1,2522,0,5
MAPK10,2027,0,2
SERPINA10,2945,0,2
BTBD10,1898,0,2
CSRNP3,2954,0,2
INSIG2,2192,0,2
UXS1,28,0,2
DDR1,2889,0,2
MGC12488,2845,0,2
USP1,1374,0,2
GRB2,2615,0,2
LOC101927648,2944,0,2
RGS2,2818,0,2
RNF219,701,0,2
LOC102724229,2734,0,2
ATP5B,332,0,2
FAM171A1,2233,0,1
C2orf61,2980,0,2
PNN,1207,0,2
SLC24A3,2221,0,2
STX12,2172,0,2
PBX1,2954,0,2
SERP1,2756,0,2
SRI,2425,0,2
LOC389765,1644,0,2
PPTC7,2816,0,2
ALDH6A1,2887,0,2
SELM,1854,0,2
H2AFY,2180,0,2
CTTNBP2,857,0,2
BMPR1B,2862,0,2
LOC283070,2865,0,1
CLIP2,644,0,2
WDR17,1365,0,2
NISCH,2049,0,1
NDUFS6,1331,0,2
RAD23A,391,0,2
MRPS21,844,0,2
KCNB1,2955,0,2
COLCA1,50,0,3
CDS1,499,0,2
CASQ2,2979,0,2
PI4KA,112,0,2
LRRN3,2468,0,2
KLHL42,2608,0,2
PPP2R2B,2645,0,2
NDUFS2,2916,0,2
DAB1,1054,0,2
RGS7,2593,0,2
LOC728061,1609,0,2
GPR108,2937,0,2
HMGN2,2618,0,2
LOC101929740,2834,0,2
PIAS1,2210,0,2
CHP1,2105,0,2
TIPARP,2655,0,2
TSNAX,2086,0,2
TMEM258,2641,0,2
FAM83C-AS1,2980,0,2
LOC102725271,1763,0,2
LOC100507562,2944,0,2
CDH8,887,0,2
WWC3,2101,0,2
LOC102724312,2944,0,2
PRR7-AS1,2944,0,2
TTC14,1458,0,2
SCML2,747,0,2
CACHD1,1821,0,2
APLP2,9,0,2
IP6K2,2246,0,2
LINC01207,2945,0,2
TSG101,1949,0,2
SCD5,40,0,2
C2orf69,1902,0,2
GLRX2,1291,0,2
TNRC6B,1860,0,2
ZSCAN32,2943,0,2
BRMS1,2783,0,2
EI24,1310,0,2
DIP2C,2193,0,2
TBCA,2575,0,1
GGA1,1572,0,2
LOC100996549,2980,0,2
LOC102725017,2973,0,2
PITPNB,1330,0,2
PSMB1,1745,0,2
KDELR1,2989,0,2
GNG5,2612,0,2
SNAP91,2625,0,4
ARL8B,2840,0,1
HEPACAM,2782,0,1
CTC-444N24.11,1537,0,2
CXorf21,2943,0,2
TMEM132B,1103,0,2
CDKN1B,2644,0,2
NOTCH2NL,2696,0,1
NTN4,1836,0,2
CHRM1,536,0,2
RPS9,2206,0,2
NSUN5,2481,0,2
PLLP,466,0,2
LMF1,263,0,2
ERVK3-1,1652,0,2
VAMP1,2620,0,2
CAT,2760,0,2
LPCAT1,1838,0,2
ABI2,2779,0,2
C12orf57,260,0,2
RP1-93H18.6,2980,0,2
SELK,2463,0,2
NDUFB1,2593,0,2
MLIP,1895,0,2
FAM19A2,2475,0,2
PPP1R1B,545,0,2
ERCC5,1488,0,2
ENTPD4,2818,0,2
SNX8,2873,0,2
PNMAL2,2691,0,2
MTX2,64,0,2
EFNB3,1808,0,2
FBXO2,2681,0,2
NR4A2,2546,0,2
LPIN1,1414,0,2
PPP2CB,2577,0,2
RP11-480A16.1,2937,0,2
ELMOD1,1431,0,2
CDH12,2368,0,2
IFNA10,2785,0,2
SPOCK1,340,0,2
HACE1,2742,0,2
TXNL4B,2937,0,2
CASC4,2802,0,2
PEBP1,2826,0,4
HSD17B11,2048,0,2
TOMM5,1432,0,2
ANP32A,1374,0,2
GLTSCR2,1991,0,2
FNIP2,513,0,2
CRTAC1,501,0,2
IFRD1,1359,0,2
ITSN2,2877,0,2
NEFH,2840,0,1
BRD8,1385,0,2
CTBP1,550,0,2
WIPF3,544,0,2
ADH5,2398,0,2
TMEM63B,1233,0,2
OPHN1,50,0,3
KCTD16,813,0,2
FAM107A,2696,0,1
EIF3L,2800,0,4
ADI1,2899,0,2
ANKRD13D,1609,0,2
RSBN1,2806,0,2
LRRK2,2551,0,2
GRM4,2783,0,2
CAMK2D,174,0,2
TUG1,2872,0,2
CCNH,996,0,2
SCARNA15,1220,0,2
SEC14L1,2713,0,2
NR1D1,2975,0,2
SLC7A1,2178,0,2
MID1,2861,0,2
AHI1,1350,0,2
RPS6KA5,2725,0,2
FGF17,2944,0,2
SH3GL2,2799,0,4
COL11A1,2420,0,2
CHMP2B,1033,0,2
ZNF667-AS1,2248,0,2
MSANTD3-TMEFF1,513,0,2
RNF182,2887,0,2
R3HCC1,1510,0,2
ZMYND8,2222,0,2
RP11-649A18.7,2943,0,2
GGA3,731,0,2
IL17D,1832,0,2
ADCY2,1754,0,2
RAB40C,2347,0,2
INPP5A,1981,0,2
USP9X,125,0,2
SYT1,2799,0,4
GLI3,2943,0,2
ZFYVE21,2325,0,2
SDR39U1,2206,0,2
BC017398,2182,0,2
ABCA11P,2783,0,2
SLC19A2,1896,0,2
THBS2,2284,0,2
GAS6,430,0,2
GYG1,2055,0,2
GSPT2,1024,0,2
P2RX7,2957,0,2
KLHDC2,2076,0,2
KCNJ16,2632,0,2
MIR1236,2949,0,2
KCNAB2,1982,0,2
TADA2B,2961,0,2
ARF5,2650,0,2
AX746492,2886,0,2
XYLT1,1438,0,2
CALCB,2980,0,2
LOC100506990,2110,0,2
MRFAP1,2882,0,7
PDZK1,2980,0,2
RP11-480D4.6,2980,0,2
ARNTL,2413,0,2
MIR6805,148,0,2
DYNLT3,2707,0,1
PRKRIR,1476,0,2
EMILIN3,2936,0,2
GRIN2A,2164,0,2
DIRAS2,2865,0,1
BNIP3L,2275,0,2
GCSH,2325,0,2
ZRANB2,2739,0,2
EDF1,184,0,2
GRIA2,2574,0,4
RPS6KA4,2874,0,2
MAP4K4,2889,0,2
ZFR,1405,0,2
HIBCH,2940,0,2
PRNP,2800,0,4
AGT,2795,0,2
CHCHD7,1150,0,2
ATP6V1B2,1969,0,2
C8orf88,2407,0,2
HHATL,466,0,2
TMEM97,1338,0,2
GLT8D1,1193,0,2
AK096592,2806,0,2
PRICKLE2,555,0,2
SEC14L4,2944,0,2
CD38,2980,0,2
PIRT,2284,0,2
PGM2L1,809,0,2
SCRIB,346,0,2
PSMA7,2105,0,2
ERLEC1,2002,0,2
OGN,2784,0,2
GMFB,854,0,2
PLEKHH1,1878,0,2
APLP1,469,0,2
STRN4,2943,0,2
PTPRK,2738,0,1
MFAP1,1103,0,2
TOP1,1731,0,2
CNTN1,785,0,2
SLC25A6,353,0,2
COX5A,2397,0,2
PSMD10,1006,0,2
PCDH9,2153,0,1
GAS7,2955,0,2
LSM1,2378,0,2
BLOC1S2,1433,0,2
COX7A2P2,2179,0,2
MAGEH1,1048,0,2
AK021804,2366,0,1
PHYH,2555,0,2
KIAA0247,1401,0,2
ENDOG,2273,0,2
DNAJA3,2615,0,2
NSA2,2351,0,2
TRA2B,2960,0,2
NARS,2799,0,4
DPP10,1636,0,2
SMAD1,1360,0,2
LOC101927673,1177,0,2
GOLGA7,2614,0,2
CYBRD1,2815,0,2
GEM,2284,0,2
TUBG1,1669,0,2
LPGAT1,1791,0,2
POMP,1636,0,2
TMEM158,1382,0,2
STEAP2,2817,0,2
SGSM2,600,0,2
SCAMP1,2960,0,2
RPL23,2958,0,2
FAM45A,2977,0,2
RDH11,62,0,2
ASAP1-IT1,2930,0,2
ZMIZ1,1514,0,2
NOXA1,1264,0,2
LRRC7,972,0,2
ZNF445,1593,0,2
RPL39,2598,0,5
TNFRSF1A,2388,0,2
FAM133B,1274,0,2
APOD,1629,0,2
SRRM1,265,0,2
GP1BB,2091,0,2
LOC100507388,2980,0,2
AMD1,301,0,2
IFI6,1588,0,2
C3orf80,2983,0,2
LOC401320,2944,0,2
CCT2,1866,0,2
TP53BP2,2887,0,2
DOK5,2549,0,2
KIAA1644,2343,0,2
COA6,1267,0,2
EIF3G,536,0,2
PAK6,2640,0,2
YWHAQ,2441,0,4
IDI1,2351,0,2
NSRP1,2819,0,2
MIR6513,2862,0,2
HILPDA,2827,0,2
LDOC1L,1920,0,2
FGF9,1157,0,2
PTPRS,30,0,2
HAX1,1848,0,2
MAGED4,1812,0,2
SLC46A3,2977,0,2
PLOD1,2937,0,2
RAB5A,2435,0,2
PGRMC1,796,0,2
SUMO1,2555,0,2
ATXN1,1283,0,2
NTRK2,1879,0,2
ARPP19,2424,0,2
SPATA20,430,0,2
PSMC6,2479,0,2
C3orf43,2980,0,2
ATXN10,1949,0,2
DYSF,2975,0,2
DUOXA2,2979,0,2
SEPT7P2,2845,0,2
SSU72,1230,0,2
WLS,2941,0,2
SOX8,2889,0,2
AFG3L2,2865,0,1
MBIP,2936,0,2
PAM,2840,0,1
ATP6V0B,2686,0,2
RMDN3,2486,0,2
RPL18P10,1927,0,2
RNPC3,2567,0,2
FAM178B,2783,0,2
FNDC4,2273,0,2
GPR83,1588,0,2
PAIP1,2876,0,2
TSC1,2805,0,2
EEF1A2,2753,0,2
MBNL2,2878,0,2
AK5,2864,0,1
RAB3A,442,0,2
MICU3,2865,0,1
FTL,2409,0,6
FAM199X,1509,0,2
HTATSF1,2742,0,2
RP11-271C24.3,2725,1,2
SPATA2L,586,0,2
XRN1,1134,0,2
LOC728730,2845,0,2
USMG5,2838,0,4
PARD6A,1022,0,2
DEK,1990,0,2
CHCHD2,1976,0,2
MAP6,1073,0,2
ERMN,1878,0,2
UBQLN4,2820,0,2
SCN4B,2620,0,2
UBE2D2,2467,0,2
RP11-15P13.1,2944,0,2
GABRB1,2157,0,1
LOC100288911,880,0,2
ENO2,332,0,2
USP12,1484,0,2
YAP1,2936,0,2
LRP11,2739,0,2
KCNQ3,2533,0,2
RCC2,2872,0,2
NDUFS3,1734,0,2
KIAA0513,1122,0,2
DQ592230,170,0,2
SNW1,2762,0,2
DAZAP2,2564,0,2
RNF175,2391,0,2
ANKRD9,306,0,2
RANBP6,2164,0,2
LOC100506725,2944,0,2
SEMA3F,2389,0,2
AK094733,2944,0,2
HES6,2664,0,2
LGI4,1135,0,2
STRAP,1898,0,2
SYCN,2945,0,2
PNPT1,2872,0,2
TNS3,2795,0,2
KMT2D,464,0,2
DNTTIP2,1842,0,2
RAB8B,1050,0,2
LOC439994,464,0,2
CDK7,771,0,2
HECW1,2935,0,2
MTFR1L,2105,0,2
ASAP2,2459,0,2
CAPN2,2705,0,2
APOBEC3C,2944,0,2
SRGAP2B,2957,0,2
TBC1D9,823,0,2
STX8,2273,0,2
F8A1,880,0,2
FUNDC2,2810,0,2
USP32,1067,0,2
GTF2H4,2944,0,2
APMAP,445,0,2
LGALS3,2899,0,2
RAP1GAP,214,0,2
RPL32,2603,0,4
LRRC49,2867,0,2
IGSF21,1808,0,2
HOMER1,2992,0,2
R3HDM4,2100,0,2
NLK,2739,0,2
ASAP1,2977,0,2
ZNF184,1770,0,2
LCE1B,2945,0,2
FOXP1,1746,0,2
RP11-999E24.3,110,0,2
ANKRD27,479,0,2
MKL2,2994,0,2
GNB2,2884,0,2
HSPA12A,2594,0,2
TSR2,566,0,2
ERC2,855,0,2
SLC22A17,1811,0,2
CAPZA2,1024,0,2
LINC00294,2013,0,2
ADH4,2886,0,2
ATP5G3,945,0,2
LAMP1,2410,0,1
COMMD1,2273,0,2
FAM216A,1653,0,2
ETNPPL,2782,0,1
ATP1A1,2840,0,1
SCD,2889,0,2
DDX27,2740,0,2
COX7A2,2838,0,4
NT5C1B-RDH14,1639,0,2
LPL,1725,0,2
LOC101928826,2598,0,5
COX7C,1507,0,2
METTL7A,2706,0,2
TRIM2,2970,0,2
ANKRD36,1704,0,2
AC068039.4,2897,0,2
CD47,1571,0,2
MRPL3,2128,0,2
ACBD6,771,0,2
LDHA,332,0,2
CXCR4,2633,0,2
VDAC3,2442,0,4
MTTP,2944,0,2
ZNF292,2806,0,2
MYO9A,2807,0,2
TMEM100,2764,0,2
MRPL36,1662,0,2
PRR34-AS1,2889,1,2
ANKRD13A,2957,0,2
OLFM1,2625,0,4
GBP2,2886,0,2
G6PC3,1448,0,2
PTRHD1,1022,0,2
PLAT,2943,0,2
C19orf43,680,0,2
NAP1L5,2826,0,4
PDLIM1,2631,0,2
RPS20,2520,0,6
LAMTOR1,2920,0,2
UBR5,2411,0,2
TBL1XR1,1635,0,2
FAM219A,293,0,2
CHL1,2775,0,2
NR1H3,2944,0,2
BC047484,573,0,2
HS3ST4,1962,0,2
ATOX1,756,0,2
RPL10A,2838,0,4
ZNF638,1796,0,2
HIP1R,2611,0,2
LINC01126,2874,0,2
LOC149373,2943,0,2
AC091133.1,2411,0,2
EFNB2,2328,0,2
NRGN,561,0,2
PLEKHB2,1432,0,2
DTD1,64,0,2
AKT3,2384,0,2
SLC7A11,2862,0,2
FAM226A,2698,0,2
TOB2,2099,0,2
MT2A,2520,0,6
PTPLB,1409,0,2
LOC646762,2937,0,2
HNRNPM,1146,0,2
FOXG1,2993,0,2
BC033323,2944,0,2
REEP2,2438,0,2
MLC1,2324,0,2
BPTF,2034,0,2
PCDHA1,323,0,2
SCN8A,1826,0,2
HIGD1A,2707,0,1
NEUROD6,1382,0,2
KCMF1,1196,0,2
MRPL33,1746,0,2
AMOTL2,2567,0,2
TTYH1,2941,0,2
NOTCH2,2887,0,2
C16orf80,1649,0,2
LOC102724842,2944,0,2
STARD3NL,929,0,2
GLS,2249,0,2
PTPRM,1104,0,2
PCNP,1089,0,2
MUT,2773,0,2
FNBP1,2715,0,2
KCTD12,666,0,2
PLD6,2785,0,2
TTC28,2820,0,2
RHBDD2,663,0,2
BTBD3,340,0,2
ZCCHC12,1587,0,2
PINLYP,2783,0,2
LCN15,2944,0,2
ERBB2IP,2889,0,2
NT5C3A,681,0,2
LOC101929886,2347,0,2
LAPTM4B,2926,0,2
PHGDH,2254,0,2
SARS,1616,0,2
GABRA1,2252,0,2
ID3,2914,0,2
HSCB,2943,0,2
TXNIP,2889,0,2
RXRA,573,0,2
YPEL2,2210,0,2
APOA1BP,1849,0,2
MYO6,2899,0,2
FBXO11,2762,0,2
C14orf132,131,0,2
ECHS1,284,0,2
MAPT,215,0,2
TAOK3,751,0,2
HBB,2924,0,2
RP4-575N6.5,2944,0,2
SMARCD3,455,0,2
RNF20,2141,0,2
TCF25,189,0,2
MEIS2,1763,0,2
PLEKHH3,2980,0,2
SNN,2234,0,1
NOL11,1197,0,2
CLCN6,17,0,2
TMBIM6,1754,0,2
DSG1,2980,0,2
PRKCA,116,0,2
LINC00844,2989,0,2
GGCT,2647,0,2
MYO10,2940,0,2
DQ570835,1816,0,2
EDNRB,2939,0,2
PSMB3,2965,0,2
NXN,2861,0,2
TIMM23,1987,0,2
GNA13,2899,0,2
EEF2K,1575,0,2
QKI,2498,0,2
PREPL,2865,0,1
BC040734,501,0,2
H2AFV,1990,0,2
GRM3,2019,0,2
CLCN4,924,0,2
PSMB7,2033,0,2
RHEB,1104,0,2
OCIAD2,482,0,2
ESRRG,501,0,2
YTHDF1,2235,0,2
EVL,2616,0,2
YARS,1466,0,2
CAMK2N1,2233,0,1
TXNDC12,2487,0,2
TSPYL4,2800,0,4
ABHD14A,536,0,2
TUBA1C,2799,0,4
SCAMP3,2710,0,2
LINC00969,2834,0,2
GAS2L1,2109,0,2
PAQR3,892,0,2
XK,2216,0,2
PRPSAP2,2061,0,2
CACYBP,2602,0,2
C1orf198,2889,0,2
SMARCA2,1696,0,2
EXOC3L2,1592,0,2
ZNF706,842,0,2
LOC389199,2944,0,2
GPM6A,2838,0,4
UPF2,2207,0,2
SEC61B,1971,0,2
LOC100289058,2944,0,2
SBDS,1230,0,2
F3,2794,0,2
DNAJB9,1089,0,2
ZRSR2,610,0,2
PIK3CB,2878,0,2
LOC340085,1592,0,2
NCDN,1812,0,2
RP11-846E15.2,1540,0,2
ZNF750,2980,0,2
C1D,1083,0,2
PGBD5,436,0,2
ADAM10,1359,0,2
TCF7,1233,0,2
CACNG8,1480,0,2
C4orf48,671,0,2
MZT2B,1705,0,2
SLC25A44,2074,0,2
USP48,1456,0,2
RNF123,895,0,2
NAV1,395,0,2
VPS16,1982,0,2
DYNLL2,1453,0,2
DNAJA2,420,0,2
AKAP11,1666,0,2
LOC101928830,6,0,2
QDPR,2235,0,2
RLIM,10,0,2
RPL35,2150,0,2
NALCN,2096,0,2
RAB15,2166,0,2
CNDP1,1878,0,2
LOC101929694,2980,0,2
ELOVL7,2899,0,2
P2RX5-TAX1BP3,1676,0,2
TBC1D24,1312,0,2
DISP2,280,0,2
AK025288,2957,0,2
NACC2,2794,0,2
VEGFA,2815,0,2
LY6H,1403,0,2
NFIB,1749,0,2
AK097836,2980,0,2
RPLP1,2111,0,2
ASH1L,1966,0,2
ACKR3,2914,0,2
CALN1,1661,0,2
BASP1,2826,0,4
NACAP1,1966,0,2
GABRD,2368,0,2
SPRY2,2459,0,2
RCN1,2819,0,2
RIMS2,1170,0,2
ARHGAP5,1630,0,2
ATF4,2205,0,2
OCIAD1,68,0,2
RBMXL1,2937,0,2
SYT6,1562,0,2
MPC2,2460,0,2
RGPD3,2918,0,2
JMJD7-PLA2G4B,1233,0,2
CTNND2,1935,0,2
C1QTNF4,1895,0,2
CCDC92,1833,0,1
LRP1B,1410,0,2
H2AFZ,1899,0,2
LOC101928820,2944,0,2
MED13L,2099,0,2
UBL3,1432,0,2
UBE2D4,418,0,2
SMNDC1,2947,0,2
NSG1,2435,0,2
LOC100129361,1056,0,2
DAAM1,2110,0,2
IARS2,686,0,2
RTCB,1845,0,2
C19orf33,2979,0,2
MLF2,2569,0,2
RPS3A,2299,0,1
LOC101060321,2956,0,2
GPATCH8,2208,0,2
PPP6R1,1232,0,2
STX1A,1168,0,2
KHDRBS3,1019,0,2
TBK1,411,0,2
BEND6,2475,0,2
ANKMY2,1776,0,2
PRRT2,600,0,2
PMP2,2697,0,1
RP4-710M16.1,1233,0,2
FAM222A,2943,0,2
TBC1D30,2483,0,2
VAV3,2573,0,2
ELAVL3,2740,0,2
CIRBP,2172,0,2
STRIP1,2615,0,2
NR2C2,1034,0,2
PMP22,2887,0,2
RICTOR,1409,0,2
SDCBP,2707,0,1
MIA-RAB4B,1809,0,2
MPHOSPH8,2191,0,1
TATDN1,756,0,2
ANXA7,480,0,2
RING1,2346,0,2
KDM2B,1283,0,2
PHF1,2568,0,2
NRCAM,2707,0,1
KLF2,2914,0,2
CEP164,2834,0,2
ANKS1B,96,0,2
RELL1,2862,0,2
RPL24,2529,0,4
TXN2,2118,0,2
MCF2L2,2875,0,2
GLRX,2329,0,2
IARS,1330,0,2
NREP,1009,0,2
HPCAL4,1166,0,2
SLC25A36,1091,0,2
SLC32A1,2368,0,2
PEF1,648,0,2
SEPW1,2233,0,1
KIAA1279,2995,0,2
ATP5G2,2857,0,2
DROSHA,2165,0,2
C8orf60,2886,0,2
TMEM147,1441,0,2
PSMD12,996,0,2
PGP,1982,0,2
NFIL3,2413,0,2
KLHL3,1219,0,2
MGC27345,1022,0,2
ARPC5L,2578,0,2
SRP68,2768,0,2
FBXL3,1514,0,2
SERPINE2,2496,0,2
HPCAL1,1219,0,2
PTPRN2,2694,0,2
SV2B,445,0,2
TENM2,2562,0,1
PLEKHM3,2946,0,2
AL022344.5,2875,0,2
TMEM14B,2879,0,2
SLC25A29,2591,0,2
ACBD3,1196,0,2
MET,2545,0,2
SENP1,2944,0,2
STAM,1719,0,2
IGFBP3,2631,0,2
PIGY,1696,0,2
CCNDBP1,2891,0,2
POPDC3,1997,0,2
BTNL9,1760,0,2
NPTN-IT1,109,0,2
FHL3,2944,0,2
TSPAN3,80,0,2
RNF6,1007,0,2
DPP6,107,0,2
MRPL40,2273,0,2
ATP6V0D1,2318,0,2
RPL22,2153,0,1
SLC48A1,1003,0,2
RP11-2E11.9,1416,0,2
LPPR4,339,0,2
THTPA,2270,0,2
CXXC5,159,0,2
FAT3,109,0,2
LOC101928061,1514,0,2
FXYD6,2371,0,2
MICU2,2954,0,2
SRP9,2739,0,2
MTRR,1219,0,2
ATP5I,2310,0,1
PSD2,2795,0,2
STMN2,2826,0,4
RASA2,2871,0,2
EZR,2632,0,2
IFFO1,1295,0,2
ADD3,2697,0,1
PTPLAD1,2428,0,2
MIR1304,2191,0,1
ADAMTS16,2944,0,2
GUCY1A3,2013,0,2
SGIP1,1719,0,2
LOC100287497,2944,0,2
CAMK2G,2929,0,2
LYRM1,2008,0,2
ZMAT3,2842,0,2
ZNF615,847,0,2
TTYH2,2899,0,2
PRICKLE2-AS3,2980,0,2
GMPPA,2930,0,2
ANK3,2865,0,1
C6orf48,2766,0,2
DBI,1998,0,2
CPEB1,2807,0,2
GLRX5,2894,0,2
SCAMP5,2010,0,2
AKAP2,2209,0,2
SORBS2,2640,0,2
PDCD10,1559,0,2
RP11-167H9.3,2944,0,2
RPL5,2530,0,1
NME7,332,0,2
PDHB,2541,0,2
ADD2,86,0,2
LOC101927702,2944,0,2
SCARB2,2193,0,2
FBXW12,139,0,2
DYNC1LI2,2234,0,1
ZDHHC17,2922,0,2
OLA1,1955,0,2
AXIN1,2944,0,2
MAP7D2,1330,0,2
KPNA2,2992,0,2
LRRC3B,2757,0,2
TMED8,2621,0,2
SLIRP,1945,0,2
LOC100233156,1142,0,2
MUM1,495,0,2
XPO6,2326,0,2
FZD7,1446,0,2
VTCN1,2945,0,2
UBE2E2,278,0,2
PPP1R16B,2109,0,2
MAN1C1,2976,0,2
PGF,57,0,2
PPA1,1014,0,2
BC048982,2980,0,2
MTCH1,2838,0,4
GNPAT,1842,0,2
MAP1B,2838,0,4
ERH,2236,0,2
HARS,205,0,2
MAGED1,332,0,2
CHGB,340,1,2
RSRC2,1300,0,2
HSD17B7,490,0,2
RPL21,2112,0,2
RSL1D1,1034,0,2
MALSU1,2555,0,2
MACROD2,1056,0,2
WASF2,2580,0,2
PEG3-AS1,1300,0,2
SLIT1,2161,0,2
ANKRD36C,2944,0,2
CYR61,2503,0,2
LOC339978,2945,0,2
C16orf89,2633,0,2
SLC14A1,2941,0,2
TMEM178A,446,0,2
CYFIP2,188,0,2
LDLRAD3,2901,0,2
PCOLCE-AS1,2897,0,2
FLJ43315,2980,0,2
WASH1,731,0,2
TAS2R19,2945,0,2
CADPS2,2620,0,2
HRK,1674,0,2
HIPK2,2794,0,2
ZNF675,2945,0,2
LMBRD2,2391,0,2
TRIM40,2980,0,2
MAP4,1626,0,2
RP11-680F8.4,2930,0,2
CHM,2061,0,2
PTMA,1991,0,2
FANCL,1576,0,2
LBR,1599,0,2
RBBP7,2643,0,2
HYOU1,2538,0,2
PEG3,2157,0,1
CCNG1,1732,0,2
MZF1,740,0,2
EBAG9,2555,0,2
HMBOX1,2989,0,2
LOC101927057,362,0,2
SNX18,2913,0,2
CPOX,1858,0,2
NDN,930,0,2
IMMT,738,0,2
DYNLRB1,1605,0,2
SSB,2337,0,2
SLC7A14,1588,0,2
ABCC5,1490,0,2
NRXN1,2475,0,2
MICAL2,109,0,2
ZP4,2783,0,2
FOPNL,1444,0,2
LOC101928205,2785,0,2
15-Sep,1864,0,2
TRIM4,1592,0,2
TTC7B,2908,0,2
AF086154,2945,0,2
GAK,1747,0,2
OLFML2B,2783,0,2
POLA1,2897,0,2
CENPE,2980,0,2
JARID2,2222,0,2
ACTG1P4,2526,0,2
RAB10,1917,0,2
NUDT19,1896,0,2
IGFBP7,2498,0,2
KIAA0391,763,0,2
IGDCC4,2941,0,2
CSMD3,385,0,2
EGR1,1605,0,2
NPY,803,0,2
LSM14A,2473,0,2
FRY,1034,0,2
IK,2949,0,2
CTSE,2874,0,2
CCDC47,13,0,2
NECAB2,586,0,2
SLC7A2,2914,0,2
BCLAF1,1864,0,2
KIAA1045,1916,0,2
IKBKAP,301,0,2
SOWAHA,2994,0,2
SLC38A11,2985,0,2
ELOVL4,1556,0,2
VPS4B,2912,0,2
MYRIP,2997,0,2
KLHL2,2365,0,1
SLC4A8,1401,0,2
TNFSF9,2944,0,2
TJAP1,2288,0,2
LINC01119,2944,0,2
MYH9,2944,0,2
TTC1,2857,0,2
TCEAL7,2124,0,2
PODXL,2889,0,2
ALDH1B1,2785,0,2
ALMS1,2834,0,2
NKAIN2,810,0,2
SAT1,1930,0,2
TMEM141,2930,0,2
SAMD12,2718,0,2
SYNJ1,1258,0,2
RPS24,2206,0,2
EMX2OS,2591,0,2
FAM160B1,2615,0,2
SHOC2,774,0,2
HAGH,2536,0,2
RPS27,2072,0,1
ANKRD12,2109,0,2
LRIG1,2941,0,2
PAIP2B,2419,0,2
WFS1,1982,0,2
USP33,2954,0,2
GSS,1345,0,2
DGCR2,1701,0,2
FZD3,2954,0,2
FAM96A,1935,0,2
CCL20,2980,0,2
RPS2,2205,0,2
C19orf12,2385,0,2
MPC1,409,0,2
CERS5,638,0,2
SCRG1,2373,0,2
WDR47,339,0,2
TOX2,2405,0,2
RPS4Y1,2303,0,2
NACA,1014,0,2
WAC,1823,0,2
TUBA1B,2799,0,4
NR3C2,555,0,2
RP3-368A4.6,1134,0,2
ASS1,2884,0,2
TRPC1,1222,0,2
ADPRHL2,2327,0,2
PPL,1553,0,2
TTK,2980,0,2
VPS28,1988,0,2
GPRASP1,2707,0,1
USP34,156,0,2
SUSD4,1382,0,2
ADO,1981,0,2
SYBU,1015,0,2
LAMA5,2297,0,2
TMTC1,953,0,2
CABP4,2886,0,2
C12orf10,687,0,2
BMS1,724,0,2
PIM3,1853,0,2
ADAM1A,2551,0,2
RUNDC3A,126,0,2
NOL4,2282,0,2
NSUN2,2412,0,2
MIR612,2794,0,2
PHF6,2787,0,2
LOC102723493,2785,0,2
GOSR1,2962,0,2
FMNL2,1754,0,2
TEX13B,2945,0,2
MYL12B,2707,0,1
OSBPL8,2960,0,2
ATP6V1F,380,0,2
HLA-E,2862,0,2
LOC100289019,2070,0,2
BARX1,2945,0,2
RP11-97C16.1,1255,0,2
RUFY3,2779,0,2
BTAF1,2564,0,2
GNB5,1553,0,2
CCDC115,584,0,2
PAFAH1B2,1578,0,2
VWA5A,1149,0,2
LOC100127940,2945,0,2
UHMK1,1552,0,2
SEZ6L,61,0,2
UBQLN2,2991,0,2
MRPS7,2937,0,2
AGPAT4,1275,0,2
INPP5F,2479,0,2
P2RY8,2875,0,2
THUMPD1,2067,0,2
OLFM3,2983,0,2
RNF220,2616,0,2
MARK4,442,0,2
DENND6A,1867,0,2
CBLN2,2817,0,2
RP11-38P22.2,2887,0,2
C19orf54,1232,0,2
SYT11,2064,0,2
GPM6B,2522,0,5
SUMO3,1472,0,2
LOC257396,2897,0,2
MPHOSPH6,997,0,2
TMEFF2,46,0,2
CD74,2943,0,2
CSRP1,2697,0,1
SYN1,657,0,2
ARHGAP10,2937,0,2
ARL4C,2952,0,2
NDRG3,1904,0,2
CARTPT,601,0,2
C1orf213,1531,0,2
KHDRBS1,509,0,2
TPRG1L,718,0,2
PRRC2C,1701,0,2
TMEM55A,1836,0,2
NPAS4,2784,0,2
CTSB,161,0,2
GABRG2,2252,0,2
IL33,2785,0,2
CORO2B,275,0,2
CPSF3,924,0,2
TRMT11,1150,0,2
LOC340340,2944,0,2
NSMCE2,1022,0,2
YPEL5,1330,0,2
ATP13A3,1896,0,2
SPRYD4,2944,0,2
H1F0,452,0,2
NRN1,1969,0,2
THRB,2893,0,2
ARHGEF6,2162,0,2
WDR54,1548,0,2
NBPF1,1576,0,2
LHFP,2599,0,2
TRIL,2887,0,2
SRPK2,1549,0,2
EIF5,2968,0,2
ATAD1,985,0,2
SEMA3G,2720,0,2
SUGT1,2903,0,2
MAT2A,1788,0,2
MEA1,2753,0,2
PSMA5,2307,0,2
ATRX,2659,0,2
XPA,1981,0,2
SLC2A1,2324,0,2
PMM1,771,0,2
HLF,1499,0,2
LOC100130093,191,0,2
PKIA,1709,0,2
GOLGA8A,1490,0,2
MYH10,2865,0,1
ZNF423,2898,0,2
LYSMD2,1792,0,2
POU3F3,2899,0,2
MIR6789,692,0,2
RFC5,56,0,2
AGAP10,2567,0,2
CHMP5,2165,0,2
CTNNAL1,2725,0,2
ZCCHC24,2794,0,2
DYRK1A,1118,0,2
LOC285147,2892,0,2
SPECC1L,2663,0,2
LPHN3,2343,0,2
ULK3,452,0,2
HK1,112,0,2
TCEAL3,2625,0,4
SALL2,1853,0,2
PET112,2273,0,2
LOC101928725,2783,0,2
PAFAH1B1,1904,0,2
SLAMF6,2943,0,2
FAM69A,420,0,2
TUBB4A,586,0,2
NRXN3,1258,0,2
KIAA1377,1560,0,2
AACS,2893,0,2
PPDPF,1142,0,2
ADIRF-AS1,2785,0,2
UHRF2,1494,0,2
LYG1,2783,0,2
KITLG,1881,0,2
ATP6V0E2,188,0,2
KIAA1211L,420,0,2
KSR1,1761,0,2
CD200,2983,0,2
NHP2,969,0,2
COL24A1,953,0,2
RP3-486D24.1,2958,0,2
CREG2,133,0,2
MEST,595,0,2
BCL11B,1154,0,2
C3orf14,2853,0,2
ODC1,13,0,2
RNU86,2603,0,4
ARMC1,2830,0,2
LOC101928231,2944,0,2
SEC62,1966,0,2
BC045805,2664,0,2
IFI27L1,2488,0,2
MGEA5,900,0,2
MYCBP2,2442,0,4
BC042366,2874,0,2
NFIA,2889,0,2
MRPS15,1811,0,2
ACBD5,2030,0,2
KCNJ10,2887,0,2
EPM2AIP1,2833,0,2
ZNF362,337,0,2
MED13,1536,0,2
LRRC10B,1675,0,2
SLC7A9,2930,0,2
CAND2,298,0,2
HIST1H4A,2952,0,2
NMUR2,2874,0,2
OR7E104P,2518,0,2
ADAP1,247,0,2
DPP10-AS1,2891,0,2
C3orf17,2483,0,2
KIAA0556,467,0,2
ASNSD1,2474,0,2
ERRFI1,1300,0,2
HNRNPK,2922,0,2
PITPNC1,2899,0,2
GPR56,2887,0,2
NPDC1,2689,0,2
COPS2,1859,0,2
RUNX1T1,2962,0,2
XPOT,2621,0,2
LOC285812,1966,0,2
IRS2,2046,0,2
UFC1,2511,0,2
PHACTR3,2319,0,2
SNX10,1712,0,2
KANK1,2419,0,2
HLA-DMB,1418,0,2
EID1,2275,0,2
PPAP2A,1597,0,2
SNRPD3,2061,0,2
MIR4746,1413,0,2
RALYL,1712,0,2
REV3L,1565,0,2
PALLD,2759,0,2
RAPGEF4,2902,0,2
RNF111,2008,0,2
UNC5A,600,0,2
TMEM41B,278,0,2
ALMS1-IT1,2944,0,2
LOC101060373,131,0,2
GOLGA8N,1966,0,2
TMX4,1648,0,2
SPON1,2941,0,2
CSNK2B,1441,0,2
CDK5RAP3,2663,0,2
ATRNL1,1739,0,2
ARSJ,2980,0,2
AGL,2912,0,2
ALDH9A1,1855,0,2
ZNF562,2936,0,2
MIAT,2410,0,1
SLC22A9,2944,0,2
REEP1,1434,0,2
FAR2P2,1313,0,2
ERICH3,821,0,2
MRPL15,2891,0,2
ATP6V1G2,974,0,2
YY1AP1,2638,0,2
CBLN4,2368,0,2
APELA,2980,0,2
FKBP9,2566,0,2
WDR83OS,2949,0,2
MLLT3,1365,0,2
DENND4B,2962,0,2
KLHL15,1394,0,2
IGIP,2738,0,1
KIF21A,2869,0,2
AARS,970,0,2
SEMG1,2944,0,2
TAGLN,2631,0,2
DDX26B,2936,0,2
VSIG4,2953,0,2
KIAA0907,1407,0,2
RP11-469M7.1,1837,0,2
CRYBG3,2920,0,2
LOC102724975,2980,0,2
BDP1,1350,0,2
FGF8,2980,0,2
HSPA8,2625,0,4
IGFBP5,2914,0,2
PPARD,2845,0,2
SOD2,2961,0,2
SLC6A13,2924,0,2
CAMTA2,462,0,2
RP11-309G3.3,2783,0,2
RPS19,2229,0,1
EPHX4,2935,0,2
SCN11A,2945,0,2
IGF2BP2,2886,0,2
NDUFAF1,1246,0,2
BANP,2787,0,2
ATPAF1,2586,0,2
PHYHIP,199,0,2
PPID,1089,0,2
RAP1GAP2,2813,0,2
ZNF623,1896,0,2
GBE1,1089,0,2
CBX7,2805,0,2
LRRTM2,2739,0,2
MARS,1757,0,2
NPM2,347,0,2
PPP2R1A,781,0,2
DPP8,2818,0,2
NIPA2,1196,0,2
MPRIP,508,0,2
BEGAIN,610,0,2
MUM1L1,695,0,2
HMGCS1,636,0,2
LINC00632,2177,0,2
MANSC1,2051,0,2
LINC00837,2945,0,2
LOC101927769,2944,0,2
LOC101930235,2943,0,2
HCFC1R1,1142,0,2
CLSTN2,1625,0,2
SDF2L1,2897,0,2
COASY,2663,0,2
HSBP1,2541,0,2
PSMG2,2198,0,2
LOC728613,2040,0,2
NOP58,1175,0,2
KPTN,592,0,2
IFT80,2854,0,2
GAP43,1712,0,2
LOC728099,2785,0,2
AC145343.2,2875,0,2
HSP90B1,1310,0,2
LIN7C,1576,0,2
CEBPD,577,0,2
BLCAP,2575,0,1
KIRREL3,2242,0,2
RP11-295M18.6,1292,0,2
LOC101927651,2944,0,2
CAMLG,91,0,2
6-Mar,2621,0,2
ATP5C1,1976,0,2
LRRC4C,323,0,2
ODF3L2,2944,0,2
HNRNPH2,1864,0,2
CDC7,725,0,2
SLC25A12,2926,0,2
GPR26,1595,0,2
LOC101060747,1536,0,2
CSN2,2945,0,2
RP11-320H14.1,2282,0,2
UBE2E3,2128,0,2
PSMD4,2686,0,2
SETD1B,1557,0,2
CDK19,2957,0,2
TMEM59,704,0,2
UQCRC1,945,0,2
ACTA2,2631,0,2
ASMTL,1510,0,2
NDUFA5,2124,0,2
SH3BGRL2,1156,0,2
RNPS1,1159,0,2
GPR20,2980,0,2
MIR34A,2503,0,2
NOP2,2559,0,2
HAPLN2,1681,0,2
UBAP2,233,0,2
CELF4,2761,0,2
TMEM60,1653,0,2
IMPDH1,2975,0,2
TSPAN18,1446,0,2
MKRN1,219,0,2
KLHL30-AS1,2980,0,2
LEFTY1,2785,0,2
PTPRO,2409,0,6
NCOA1,2969,0,2
SRP54,1734,0,2
DAPK1,24,0,2
COX7A2L,2577,0,2
NOS1AP,2735,0,2
TLX3,2944,0,2
CNTFR,2785,0,2
DDHD2,2840,0,1
NBEA,1260,0,2
WIPI2,2203,0,2
AURKAIP1,2703,0,2
SCG5,2826,0,4
RB1CC1,2912,0,2
TALDO1,1125,0,2
SLITRK4,1685,0,2
CRYAB,2020,0,2
EIF3H,362,0,2
SLC5A3,1597,0,2
RGCC,2889,0,2
EIF2S2,2105,0,2
ACYP2,2462,0,2
PLEKHB1,2421,0,2
RAB22A,6,0,2
SKA2,2976,0,2
ZNF248,2688,0,2
HN1,356,0,2
RPP25L,558,0,2
NNAT,1449,0,2
SPCS2,2621,0,2
PPFIA3,644,0,2
IRAK1,2899,0,2
COX4I1,2840,0,1
PPM1L,2048,0,2
TNFSF13,2592,0,2
BCL11A,1843,0,2
ATP5L,1794,0,2
C6orf195,2945,0,2
NUDT3,2193,0,2
PRAF2,895,0,2
UBXN2A,139,0,2
CHGA,2620,0,2
NEGR1,632,0,2
IST1,2095,0,2
CDK10,1075,0,2
GRASP,2735,0,2
KAT2B,2705,0,2
BC039485,2944,0,2
AP3D1,1538,0,2
HSPD1,2382,0,2
ATP6V1G2-DDX39B,456,0,2
SF3B1,2621,0,2
NDFIP1,2707,0,1
BRSK2,720,0,2
CYP51A1,2903,0,2
PKIG,275,0,2
SRSF7,2066,0,2
CDC42SE1,2381,0,2
RPL31,2205,0,2
GLTP,2898,0,2
LINC00341,2254,0,2
LOC158960,1232,0,2
AHSA1,1376,0,2
CACNB4,2880,0,2
MRPS33,2246,0,2
GLIS1,2215,0,2
CNTN3,2993,0,2
CDH20,2980,0,2
FRRS1L,2922,0,2
MADCAM1,2944,0,2
CCDC12,999,0,2
HNRNPU-AS1,1713,0,2
MSMO1,108,0,2
PPM1A,1279,0,2
COPG2IT1,332,0,2
CARM1,2438,0,2
RAD21,1736,0,2
ACAA1,1334,0,2
RABL6,454,0,2
GDAP1,2435,0,2
TRIM33,2526,0,2
POM121C,2100,0,2
NUAK1,2233,0,1
MAT2B,1578,0,2
SCG3,1129,0,2
INA,332,0,2
TRIM8,577,0,2
SKI,1718,0,2
LDB2,2817,0,2
CALB2,2685,0,2
PTS,2666,0,2
DDX1,1976,0,2
MIR29B2,1467,0,2
KCNQ2,1812,0,2
NOSIP,455,0,2
CAMSAP2,253,0,2
ANKS1A,2659,0,2
CNTD2,2943,0,2
GTF3C1,2399,0,2
AATK,381,0,2
PTOV1,333,0,2
CERK,1939,0,2
DDX24,91,0,2
CHD5,2347,0,2
CST4,2944,0,2
CTBP1-AS2,2783,0,2
MLLT1,1003,0,2
LOC100996747,225,0,2
IL17RB,2862,0,2
LOC101929683,2944,0,2
CEBPG,2566,0,2
TDP2,2818,0,2
TRAK2,2319,0,2
DDAH1,1994,0,2
MCTP1,785,0,2
TAAR2,2980,0,2
KCNAB1,1245,0,2
MIR3682,1598,0,2
SCN3B,2987,0,2
BC041451,2945,0,2
DLD,822,0,2
PCBP4,676,0,2
RB1,1566,0,2
LOC100128185,2944,0,2
FAM53C,1358,0,2
GNB1,2429,0,2
FAU,188,0,2
NPTX1,604,0,2
PSMD1,1288,0,2
IRF2BP2,1879,0,2
ESRP2,2944,0,2
UNC79,2010,0,2
KCTD4,922,0,2
ADD1,1645,0,2
CD81,2362,0,2
DNM3,738,0,2
CSNK1G2,346,0,2
CBX3,2138,0,2
RPS23,2152,0,1
C10orf10,2503,0,2
CABLES2,2640,0,2
GPR155,1035,0,2
PORCN,895,0,2
CLIP4,2282,0,2
AEBP1,2937,0,2
MAL2,1647,0,2
HHIPL1,2944,0,2
ACTN1,1385,0,2
TCTEX1D2,1225,0,2
CD63,2496,0,2
TRUB2,2273,0,2
TTC36,2980,0,2
UNC5CL,2783,0,2
DLG2,1168,0,2
OGT,2994,0,2
CLK4,1311,0,2
ATP5D,1440,0,2
GNG2,483,0,2
GPC1,419,0,2
RAP2B,1201,0,2
SH3BGRL,2275,0,2
ACAD9,637,0,2
ENTPD6,1814,0,2
SPOCK2,254,0,2
AC092192.1,2945,0,2
PSMC2,2204,0,2
PDZD4,2872,0,2
HNRNPA1P31,2980,0,2
ARL6,869,0,2
OSBPL11,2939,0,2
ANKRD44-IT1,2945,0,2
DDX17,2158,0,1
RAB27B,2966,0,2
ANKRD46,2818,0,2
GFAP,2520,0,6
GRIA1,2750,0,2
HADHB,2496,0,2
KIAA0930,1788,0,2
SRGAP2C,156,0,2
SV2C,2825,0,2
RP11-127B20.2,2954,0,2
TOP2B,2739,0,2
NFASC,1628,0,2
CTB-167B5.2,2980,0,2
FSTL3,2943,0,2
USP4,941,0,2
UBB,2662,0,8
TM2D3,2840,0,1
UNC50,1559,0,2
MIR7114,344,0,2
TSHZ1,1068,0,2
NCK2,479,0,2
C11orf58,901,0,2
MIR124-2HG,1157,0,2
LOC101930149,2980,0,2
DNASE2,1233,0,2
EFNA5,501,0,2
NPM1,2577,0,2
RPL26L1,1545,0,2
LOC253573,2980,0,2
NIT2,2079,0,2
POGZ,522,0,2
ANGPTL4,2388,0,2
ISM1-AS1,2980,0,2
FAM189A2,612,0,2
OPA1,1214,0,2
TLE2,2183,0,2
ASPHD2,1393,0,2
LZTS3,2372,0,1
CIPC,1515,0,2
LETMD1,532,0,2
LOC101928157,2980,0,2
AKTIP,1213,0,2
CNKSR2,1299,0,2
PDZRN3,2551,0,2
PTAR1,2898,0,2
CBX1,1472,0,2
PDXK,2663,0,2
FANCE,2943,0,2
NDEL1,1103,0,2
EIF2S1,1103,0,2
PPP1CB,2602,0,2
MAMSTR,2886,0,2
UBA52,353,0,2
COPS7A,603,0,2
ZNF106,1935,0,2
VAPA,2621,0,2
REEP5,2625,0,4
CCDC152,57,0,2
UGCG,1196,0,2
RP11-981G7.6,2194,0,2
CPTP,1681,0,2
KARS,2738,0,1
OR13C4,2945,0,2
NDUFS7,1448,0,2
NBPF10,2025,0,2
APOC1,2953,0,2
UBE2K,1773,0,2
ATP5O,1937,0,2
RPL13,2112,0,2
FAM49B,2006,0,2
RP11-315F22.1,2980,0,2
ASRGL1,2888,0,2
ATP6V1A,2707,0,1
PSRC1,1567,0,2
SMAP2,1464,0,2
NAP1L2,2840,0,1
PRICKLE4,2235,0,2
SMIM17,1082,0,2
TMSB10,2838,0,4
S100A16,2101,0,2
NCKAP1,1792,0,2
MROH6,1233,0,2
CDIP1,2485,0,2
RIN2,2940,0,2
POP7,2694,0,2
PLK2,798,0,2
CMBL,52,0,2
POLR3F,2405,0,2
MYO15A,2783,0,2
TRANK1,2944,0,2
NECAP1,1343,0,2
ERVMER34-1,2945,0,2
DDX41,2883,0,2
MYADM,1762,0,2
CTC-425F1.4,2663,0,2
ZNF711,2475,0,2
LOC101927391,2783,0,2
LARP1,890,0,2
PQLC1,1594,0,2
LAMP5,1249,0,2
UNC5D,1606,0,2
KIAA1143,2854,0,2
MFSD1,1475,0,2
RBX1,64,0,2
JMY,2844,0,2
SH3BP5,2879,0,2
ELAVL2,108,0,2
AK055981,2565,0,2
C9orf24,2120,0,2
GRAMD1C,2887,0,2
NDUFS5,2707,0,1
ANP32B,2211,0,2
RNF165,1004,0,2
TECR,1338,0,2
LOC100507557,756,0,2
C1orf61,1626,0,2
TCERG1,772,0,2
RAB3C,805,0,2
SGK494,2698,0,2
DAPP1,2944,0,2
ADAM23,812,0,2
FKBP3,2879,0,2
SLC35A1,1966,0,2
SOD1,2826,0,4
NDUFC2,1898,0,2
FAM21C,2870,0,2
PDDC1,2845,0,2
PF4V1,2980,0,2
SEMA6D,2053,0,2
AFF1,2899,0,2
SLC45A4,2411,0,2
GATSL2,2962,0,2
ZDHHC16,572,0,2
UBE2G1,1737,0,2
ZIC2,2168,0,2
LOC645166,644,0,2
BCAS1,2889,0,2
NRIP1,2806,0,2
SHANK2,513,0,2
CHN1,2882,0,7
LOC157562,1515,0,2
PDXP,2857,0,2
GAS1,2914,0,2
AMPH,963,0,2
MADD,2375,0,2
GCSAML,2980,0,2
AOC4P,2980,0,2
CPEB3,1268,0,2
CCP110,1515,0,2
SLC9A6,2707,0,1
GTF2H3,721,0,2
LAP3,1997,0,2
PHYHIPL,2968,0,2
TMA7,2882,0,7
TOB1,1668,0,2
PBXIP1,2862,0,2
FAM155A,2876,0,2
SPATS2L,2556,0,2
NDFIP2,1049,0,2
TMEM241,2516,0,2
TPST1,2655,0,2
ABI1,1010,0,2
RP1-179N16.6,2783,0,2
P2RY4,2785,0,2
OSBPL1A,2455,0,2
EGR3,1277,0,2
MAPK6,2393,0,2
HS6ST2,2982,0,2
HERC2,1444,0,2
DQX1,2945,0,2
NECAB3,2091,0,2
KRTCAP2,2976,0,2
VPS33B,2012,0,2
BC043400,2875,0,2
SLC35E1,1705,0,2
AL132709.8,2100,0,2
CTA-331P3.1,2945,0,2
TAX1BP1,2078,0,2
DENR,1286,0,2
ELFN1,2930,0,2
LOC101929478,2944,0,2
RFTN1,2934,0,2
HAPLN4,905,0,2
ETV4,2944,0,2
GPX3,2914,0,2
ZBTB7A,346,0,2
SHPRH,1516,0,2
ACVR1C,847,0,2
LOC283713,2877,0,2
MAN2A1,1732,0,2
ATPIF1,2642,0,2
PPM1K,1612,0,2
AMZ2,2915,0,2
LINC00280,2873,0,2
CCDC78,2875,0,2
ISCU,2840,0,1
MAML2,2388,0,2
RNF128,932,0,2
CPEB4,2208,0,2
RTN1,2882,0,7
ATP8A2,2686,0,2
CTAGE11P,2875,0,2
NDUFV1,2691,0,2
MYBPC1,2889,0,2
9-Sep,1574,0,2
MYO1D,2980,0,2
DARS,2095,0,2
RAB31,2795,0,2
SYT4,2707,0,1
SLAIN1,1878,0,2
CCBL2,2624,0,2
LOC728554,2061,0,2
MT1H,1998,0,2
DUS1L,580,0,2
SNAP25,2826,0,4
SULT4A1,1969,0,2
LRRC40,2051,0,2
ARGLU1,2922,0,2
SECISBP2L,1560,0,2
TIAM1,2991,0,2
COL4A3BP,1085,0,2
SIRT2,2438,0,2
SSX2IP,2818,0,2
RORA,2054,0,2
TMEM184C,2971,0,2
ANXA11,775,0,2
ENPP2,1878,0,2
NUFIP2,1935,0,2
LGI1,606,0,2
TGFB1I1,2631,0,2
NDUFA6,2435,0,2
CCPG1,2908,0,2
HEG1,2633,0,2
COX6A1,129,0,2
UBL5,1776,0,2
TEX2,1962,0,2
SNAPC5,2852,0,2
COPB1,193,0,2
HDGF,233,0,2
EPS15,2865,0,1
XPO1,2993,0,2
SDC4,2795,0,2
LINC-PINT,1196,0,2
MGC16142,2944,0,2
KCNJ9,2585,0,2
TPP1,495,0,2
FBXL17,1818,0,2
AZIN1,362,0,2
TMEM47,2705,0,2
COX5B,1095,0,2
FAM35A,1475,0,2
CA10,2983,0,2
DNAJC8,2291,0,2
CSMD1,2051,0,2
RP5-882O7.1,2882,0,7
UBE4A,2738,0,1
EEF1A1,2598,0,5
MT1E,1998,0,2
PRKAR1A,2917,0,2
SRSF1,1297,0,2
NPEPPS,958,0,2
CSGALNACT1,2459,0,2
ZC3H12C,2820,0,2
OPCML,2707,0,1
S100A9,2980,0,2
PKNOX2,2118,0,2
FOXM1,2980,0,2
FAM192A,508,0,2
RPL41,2662,0,8
FAM131A,1168,0,2
CDC27,834,0,2
TMEM70,2079,0,2
ARF1,2374,0,2
TMEM14A,1899,0,2
SECISBP2,2963,0,2
C1R,2765,0,2
USP7,1823,0,2
HTRA1,2782,0,1
GNPDA1,2012,0,2
RPL11,2996,0,2
STXBP5,2831,0,2
THYN1,196,0,2
SEPP1,1758,0,2
AF131215.8,2944,0,2
TMEM167B,1315,0,2
SLC1A2,2520,0,6
DSP,2914,0,2
TMEM212,2943,0,2
PMVK,2901,0,2
CYP4X1,1829,0,2
LOC113230,2943,0,2
STMN3,91,0,2
RPSA,2737,0,4
C12orf29,2903,0,2
FAM13C,1644,0,2
PFDN2,2804,0,2
HSD17B10,2819,0,2
SGCE,2373,0,2
USP11,625,0,2
PPP2CA,619,0,2
RASL10A,1327,0,2
MAL,1999,0,2
OR1E1,2945,0,2
CLTA,2916,0,2
CISD1,2198,0,2
COX8A,943,0,2
MAP7,2908,0,2
ZBTB20,1132,0,2
EIF4A3,996,0,2
SLC25A2,2945,0,2
RP11-389C8.2,2631,0,2
MGAT5,2970,0,2
AK090844,1692,0,2
RPS15A,2390,0,2
PRKCB,1920,0,2
LDOC1,2727,0,2
FKBP1B,697,0,2
PNPLA8,2660,0,2
ZNF622,2373,0,2
FAM115A,2831,0,2
LOC285000,2980,0,2
AOC3,2631,0,2
LINC00623,2663,0,2
CDO1,1187,0,2
SESTD1,2661,0,2
LINC00582,2944,0,2
KCNN2,1284,0,2
DPYSL2,2882,0,7
MCC,2913,0,2
C7orf60,595,0,2
SAFB2,1860,0,2
LCMT1,1125,0,2
RP1-170O19.14,2874,0,2
MRPL41,327,0,2
SSBP3,2972,0,2
TMEM123,2887,0,2
LOC100288238,2944,0,2
NXPH4,2783,0,2
PPP1R27,2886,0,2
RP5-1184F4.5,2944,0,2
LINC00167,2944,0,2
RPLP2,2942,0,2
DCXR,2373,0,2
HIVEP2,431,0,2
GNAO1,1560,0,2
CDC40,2061,0,2
ENC1,2826,0,4
EIF3D,2856,0,2
LOC286052,1191,0,2
ALAS1,1734,0,2
GDPD1,1481,0,2
CMIP,2550,0,2
EHD3,1166,0,2
STUB1,2359,0,2
MAF1,1135,0,2
TNFRSF21,1401,0,2
LOC646014,2845,0,2
AP2S1,2932,0,2
LOC220729,852,0,2
SOX12,2944,0,2
SEZ6L2,1561,0,2
LOC729966,78,0,2
BAIAP3,586,0,2
SNX30,701,0,2
KPNB1,1917,0,2
FAM47C,2944,0,2
ZMIZ2,2568,0,2
CETN3,1255,0,2
JAKMIP3,1275,0,2
NHLH2,1446,0,2
KCNMB4,2341,0,2
SERTM1,903,0,2
KCTD2,724,0,2
WBP1L,1879,0,2
MORF4L1,2575,0,1
C14orf166,1776,0,2
ORC3,2192,0,2
MAPKBP1,346,0,2
LRRFIP1,716,0,2
RAP2A,1300,0,2
SCRN1,2234,0,1
L1CAM,1178,0,2
DCK,2946,0,2
EIF4A1,1237,0,2
TANC2,1034,0,2
DPM1,2775,0,2
8-Sep,100,0,2
KIAA0232,2618,0,2
ZNHIT3,647,0,2
VAT1L,2983,0,2
SHISA6,2221,0,2
PRDX1,1371,0,2
NKTR,2834,0,2
CACNA1E,2538,0,2
RPL37,2737,0,4
ARHGEF18,1869,0,2
ANAPC16,716,0,2
CEP170B,293,0,2
CANX,2772,0,2
CARD11,2945,0,2
RP11-73M18.8,2607,0,2
WSB2,2707,0,1
SEC22B,2586,0,2
UBE2E1,2275,0,2
EPAS1,2889,0,2
HNRNPA2B1,2325,0,2
PLXNA1,227,0,2
UQCRFS1,1121,0,2
ELP3,2327,0,2
NEUROD1,1062,0,2
ZMPSTE24,2752,0,2
PAQR6,2794,0,2
SLC17A6,2716,0,2
TCTA,1303,0,2
APEX1,16,0,2
PAX6,2421,0,2
ZNF587,766,0,2
ARHGEF4,319,0,2
EPCAM,1292,0,2
HEPH,2941,0,2
APP,2157,0,1
SNTA1,2296,0,2
TTLL7,2967,0,2
PRTFDC1,1896,0,2
AGPAT9,2824,0,2
PPP2R2D,1644,0,2
KATNAL1,1881,0,2
RWDD1,1323,0,2
CALML6,2980,0,2
LONRF2,2739,0,2
PPP2R2C,2339,0,2
FAT1,2497,0,2
GOT1,2031,0,2
PSMD8,1848,0,2
CCDC140,2980,0,2
DVL1,2347,0,2
CRYZ,877,0,2
ZDHHC23,1725,0,2
PFN2,2826,0,4
GNAQ,750,0,2
CTBP2,1796,0,2
TMEM65,1083,0,2
GPD1L,1699,0,2
LOC101927424,1382,0,2
PLOD2,2940,0,2
ZNF90,2945,0,2
FCN3,2944,0,2
RP11-819C21.1,1126,0,2
LOC644852,2980,0,2
UQCRB,2435,0,2
TST,2941,0,2
NDRG1,2362,0,2
LOC202181,476,0,2
LOC101243545,1821,0,2
TUBB2B,2696,0,1
NEK7,2889,0,2
LOC101928343,2980,0,2
SF3B4,2798,0,2
PKM,1448,0,2
PAF1,2681,0,2
NAP1L1,2770,0,2
AK6,2996,0,2
MYEOV2,2236,0,2
UBC,2799,0,4
RAPGEF5,1023,0,2
TECPR2,2797,0,2
SAMD4A,2420,0,2
MZT2A,2904,0,2
TDG,2801,0,2
AP000253.1,2945,0,2
RPF2,566,0,2
G0S2,2937,0,2
MFHAS1,2989,0,2
PABPC1L2A,2624,0,2
CMPK2,1826,0,2
AC092620.2,1075,0,2
ATP12A,2944,0,2
CHRM3,2380,0,2
ARMC2-AS1,129,0,2
PPIL3,1214,0,2
ATCAY,149,0,2
CBX6,2382,0,2
KIF1B,2970,0,2
CHMP2A,647,0,2
LOC284939,2134,0,2
ATR,932,0,2
TOMM40,865,0,2
ABCA3,1812,0,2
S100B,2941,0,2
YWHAB,2838,0,4
GLIS2,918,0,2
POLR2L,1669,0,2
ATP13A1,895,0,2
KLHL24,458,0,2
LINC00616,2945,0,2
FAM162B,2937,0,2
GUCY1B3,1776,0,2
RPS28,2366,0,1
ZNF195,2834,0,2
RPH3A,420,0,2
OSBPL6,993,0,2
FLJ11710,2785,0,2
EIF3K,2239,0,2
RPS19BP1,2942,0,2
NDUFB3,1636,0,2
ABLIM1,2325,0,2
KCND2,813,0,2
SH3YL1,1219,0,2
RABGAP1,2621,0,2
SASH3,2943,0,2
CADM2,2717,0,2
R3HDM1,2955,0,2
FARP1,419,0,2
SRRM4,2963,0,2
11-Sep,2830,0,2
LCOR,2698,0,2
SCAI,1447,0,2
IFITM1,2924,0,2
MT1HL1,1998,0,2
HLTF,1478,0,2
SLC17A7,2987,0,2
AX747132,1567,0,2
LOC101929512,2980,0,2
B2M,2211,0,2
LINC00528,2944,0,2
ZNF213,592,0,2
DAAM2,466,0,2
HLA-DPA2,2875,0,2
MAPRE1,2819,0,2
DPY19L2,2551,0,2
RP11-466P24.7,2825,0,2
C11orf96,2211,0,2
MRPL27,2373,0,2
NRXN2,265,0,2
CYP2B7P,2944,0,2
SRPK1,2950,0,2
3-Sep,390,0,2
ZHX2,2215,0,2
ACADM,2912,0,2
SMS,13,0,2
FAM136A,522,0,2
NSUN5P1,430,0,2
SLC25A3,2864,0,1
CTDP1,2783,0,2
AADACL2,2980,0,2
ZMIZ1-AS1,2944,0,2
PTTG1IP,2362,0,2
C4orf3,1730,0,2
TMEM14C,701,0,2
DECR1,2819,0,2
LOC101928635,2783,0,2
LOC101927623,2980,0,2
NDUFAF2,2178,0,2
NAGPA,2709,0,2
ODF3L1,2980,0,2
FKSG49,38,0,2
GSTA4,2779,0,2
FDFT1,2428,0,2
SERINC5,2887,0,2
CDIPT,2442,0,4
CRMP1,1288,0,2
TPBG,2825,0,2
KMT2E,2208,0,2
FGF13,486,0,2
COPS4,996,0,2
RPL36A,2996,0,2
RPL35A,2821,0,2
TBC1D10B,1231,0,2
NUPR1,2886,0,2
LOC93622,2061,0,2
ZCCHC8,2411,0,2
BCL6,2116,0,2
C6orf211,1007,0,2
SRSF11,2993,0,2
RHOT1,2992,0,2
YTHDF2,1883,0,2
SMAP1,2983,0,2
EEF1DP5,2874,0,2
BSCL2,380,0,2
PSMG3,2949,0,2
C1orf122,1626,0,2
RP11-199F11.2,2722,0,2
LAMB2,2632,0,2
NLN,1705,0,2
PIH1D1,1984,0,2
SORCS2,2913,0,2
BOD1,780,0,2
ATP9A,1014,0,2
HDLBP,539,0,2
TNFAIP8L1,381,0,2
GUCY1A2,2997,0,2
PJA1,2250,0,2
RFX4,2913,0,2
CLDN5,2862,0,2
UBR1,2992,0,2
SGSM1,1401,0,2
FGFR3,2697,0,1
DACT3-AS1,2944,0,2
CALM1,2603,0,4
CUX2,1157,0,2
CTD-2292M16.8,2593,0,2
LOC100288310,1056,0,2
TANC1,1383,0,2
FADS1,2920,0,2
C21orf33,2797,0,2
STYK1,1669,0,2
CDC42BPA,2208,0,2
RPUSD1,2943,0,2
C19orf68,2783,0,2
MDM1,2847,0,2
ATP2B1,2739,0,2
RAI1,2698,0,2
BIRC2,2948,0,2
USP5,2785,0,2
SNX17,2105,0,2
ATP5A1,2625,0,4
CNPY2,1521,0,2
HBA1,1629,0,2
SLC25A23,393,0,2
FARSB,2538,0,2
PIK3R1,2429,0,2
PMPCB,1881,0,2
GABRG1,2941,0,2
SLC2A3,30,0,2
SULT1A1,430,0,2
HERPUD1,1199,0,2
ANKRD33B,953,0,2
STAMBPL1,2935,0,2
AK3,2713,0,2
VARS2,2859,0,2
ZNF532,2526,0,2
CLSTN1,2403,0,1
SRRM2,1999,0,2
ZNF280B,1644,0,2
CCNT1,2100,0,2
TNR,214,0,2
MKRN4P,728,0,2
ADAMTS10,2765,0,2
AP1S2,563,0,2
LOC101927482,2945,0,2
RAN,2159,0,2
LOC101927098,2944,0,2
ESD,1887,0,2
MAPK9,2595,0,2
TRIM38,2943,0,2
ADM,2655,0,2
KRT5,2980,0,2
UQCR11,208,0,2
KAT2A,2962,0,2
CCR8,2980,0,2
NAP1L3,2625,0,4
UBE2QL1,2864,0,1
RP11-631N16.2,2785,0,2
FAM210B,1662,0,2
PAK3,2864,0,1
FOXP1-IT1,1101,0,2
FLRT2,960,0,2
PRELP,2633,0,2
SEMA4D,2956,0,2
CELF2,108,0,2
BC062753,2734,0,2
LOC100130429,2215,0,2
HIST1H2AC,2814,0,2
FGF14,368,0,2
PRDX2,212,0,2
DLGAP1,1007,0,2
MLH1,1702,0,2
BC022047,1461,0,2
ZNF776,1222,0,2
COX1,2662,0,8
SLC47A1,1446,0,2
DLGAP2,1606,0,2
RPS7,2152,0,1
CA2,2760,0,2
CAMKK2,2929,0,2
GPRC5B,2497,0,2
OPTN,1946,0,2
BEX1,2882,0,7
CD248,2897,0,2
CELSR2,860,0,2
CELF5,271,0,2
C8orf22,2944,0,2
CCT3,1125,0,2
PET117,1836,0,2
NPTN,2882,0,7
WBP5,1732,0,2
AGPAT5,2614,0,2
STMN1,300,0,2
MACF1,1715,0,2
ADIPOR2,2888,0,2
GNG7,747,0,2
TM9SF2,1719,0,2
RASA1,2593,0,2
CD163L1,2873,0,2
NDUFB8,2404,0,1
EBNA1BP2,2683,0,2
MRPL32,2525,0,2
AQP4,2795,0,2
GRAMD1B,231,0,2
RAB2A,673,0,2
RPL27A,2206,0,2
ANAPC13,2308,0,2
PTDSS1,2092,0,2
SIPA1L2,707,0,2
SOX2-OT,2705,0,2
HPCA,536,0,2
ZBTB44,1360,0,2
VPS37C,1537,0,2
MOBP,1878,0,2
HSPA1A,2696,0,1
MAP4K3,1555,0,2
LOC100996668,1283,0,2
ZNF25,2475,0,2
FAM161B,1704,0,2
ZNF84,1103,0,2
TUBA1A,2662,0,8
GABBR2,145,0,2
CACNG3,1895,0,2
SYNPR,340,0,2
TTC13,1724,0,2
JUND,1574,0,2
LRRC8B,1769,0,2
PGAM1,2799,0,4
PPFIBP1,439,0,2
DUSP14,2244,0,2
PTK2,1297,0,2
C10orf85,1506,0,2
TSPAN31,577,0,2
UPF3A,1467,0,2
RGS5,2760,0,2
ANAPC5,1757,0,2
TARDBP,2752,0,2
BLOC1S5,523,0,2
SVOP,663,0,2
FTH1P5,2882,0,7
EPC1,1566,0,2
ATP6AP1,1388,0,2
HSPB8,1749,0,2
HSPA13,787,0,2
SNHG19,2899,0,2
CKB,1095,0,2
FERMT2,2887,0,2
ZNF664,2819,0,2
PDCD6,1704,0,2
ZNF827,337,0,2
MRPL57,98,0,2
GADD45A,2572,0,2
TRAPPC12,1848,0,2
NDUFV3,1469,0,2
LOC101927044,2980,0,2
THAP9-AS1,619,0,2
CDS2,65,0,2
EPB41L2,2872,0,2
AC009502.4,2944,0,2
C11orf68,2540,0,2
ADIRF,2631,0,2
KCNA1,1624,0,2
YBX3,2505,0,2
ENO1,2653,0,2
DKFZP586I1420,1384,0,2
FCER1A,2945,0,2
CCDC84,273,0,2
SACM1L,2864,0,1
SCN1B,1157,0,2
RPS6,2072,0,1
FAM19A1,339,0,2
CASKIN1,263,0,2
RP11-247L20.4,2951,0,2
CFL1,2416,0,1
RTN3,332,0,2
LOC101060275,2372,0,1
BOLA3,2780,0,2
PCYOX1,2586,0,2
DMTN,1910,0,2
CUX1,1157,0,2
SYT17,276,0,2
ZBTB18,2365,0,1
TAGLN3,1014,0,2
TBCK,2638,0,2
GALNT15,2324,0,2
LSAMP,2532,0,2
RP11-96K19.4,2944,0,2
SERINC1,2840,0,1
NUMBL,139,0,2
METTL5,2853,0,2
FAM104A,2533,0,2
LOC101928676,1462,0,2
ARL6IP4,2929,0,2
PAK1,1784,0,2
NIF3L1,2079,0,2
FBXW11,1349,0,2
ROMO1,649,0,2
MKNK1,2222,0,2
UIMC1,1022,0,2
GGH,1836,0,2
NAA38,2519,0,2
SPINT2,695,0,2
CSRP2,2899,0,2
ZNF23,932,0,2
PNRC2,1597,0,2
LOC284242,2944,0,2
JAM2,2815,0,2
TTC37,1481,0,2
MIR3656,2996,0,2
VSTM2A,2475,0,2
PDE1A,785,0,2
TCEB1,2083,0,2
EDIL3,983,0,2
ND2,2662,0,8
LOC257152,2944,0,2
SLC4A11,2930,0,2
POM121,2587,0,2
GDI1,2153,0,1
SPSB3,2109,0,2
PARP8,1010,0,2
LOC283045,2936,0,2
IPO4,2937,0,2
LOC101060363,2799,0,4
IFIT3,2182,0,2
CAMKV,2315,0,2
FBXO33,1746,0,2
FAM49A,992,0,2
CPLX2,2347,0,2
PELI3,993,0,2
CTD-2537I9.5,2873,0,2
RP11-521O16.2,2945,0,2
GPR158,2840,0,1
JAKMIP1,13,0,2
PPIB,2884,0,2
AP3S1,2575,0,1
RPS27A,2958,0,2
LOC102724884,1566,0,2
LINC00849,2483,0,2
DDX5,2738,0,1
NIFK-AS1,1750,0,2
LINGO2,266,0,2
NEFL,2826,0,4
RAP1B,2621,0,2
MAP3K4,1490,0,2
AGXT2,2980,0,2
KGFLP2,649,0,2
DDX3Y,1191,0,2
GARS,1976,0,2
UROD,2622,0,2
PCSK1,2891,0,2
MPRIP-AS1,2945,0,2
RPS29,2152,0,1
C1orf123,686,0,2
SPHKAP,2221,0,2
GCA,1389,0,2
ANKRD10-IT1,623,0,2
ZBTB16,2150,0,2
NDUFB5,2076,0,2
ZC3H7B,2215,0,2
HLA-DRB6,2944,0,2
RAD23B,62,0,2
C17orf58,2488,0,2
CCK,1976,0,2
CSDE1,2618,0,2
RAB3GAP1,1918,0,2
PCDHGA1,295,0,2
PRO1804,2389,1,2
RAB2B,2535,0,2
NME1,1121,0,2
CNP,1998,0,2
C1orf168,2944,0,2
EFEMP1,2941,0,2
GORASP2,1756,0,2
CD59,2978,0,2
SNORA71B,2980,0,2
SYNGR3,145,0,2
NAA10,455,0,2
C1orf115,707,0,2
MTMR10,2936,0,2
TMEM132C,2834,0,2
EXOC8,1129,0,2
GFOD1,1299,0,2
MORC3,1222,0,2
NR2F1,1586,0,2
BRINP2,2973,0,2
PCGF6,2783,0,2
CLU,2696,0,1
LOC286068,2980,0,2
FGF1,2155,0,2
FRMPD2,1895,0,2
NTRK3,2066,0,2
EIF1AX,2912,0,2
TMEM9,1452,0,2
NDUFB11,1100,0,2
ZBTB21,1366,0,2
PRRT3,2971,0,2
TMEM126A,362,0,2
S1PR1,2155,0,2
OLIG1,2697,0,1
ERICH4,2980,0,2
BMI1,2993,0,2
PRKAR2B,2644,0,2
SHC3,2363,0,2
LAPTM4A,2782,0,1
PLSCR4,2116,0,2
MSRB2,2563,0,2
WDR6,2956,0,2
MRAS,1715,0,2
PDHA1,2166,0,2
RGS7BP,2468,0,2
TSHZ3,1708,0,2
PRR18,1878,0,2
WDR11,1651,0,2
APOPT1,2516,0,2
PWP1,2384,0,2
TUFT1,1274,0,2
IFNW1,2980,0,2
ITPK1,1751,0,2
CDK2AP1,2696,0,1
TTTY1,2785,0,2
SLC39A10,1434,0,2
CTC-459F4.3,527,0,2
SLC10A3,2980,0,2
HSD17B12,1721,0,2
RPL13A,2111,0,2
MICAL1,2834,0,2
CAPRIN2,2010,0,2
RPS18,2299,0,1
ARHGAP44,2946,0,2
PFKFB3,2696,0,1
CHMP3,1883,0,2
ZNF146,2900,0,2
NDUFA4,2826,0,4
SPIN1,1432,0,2
GPR19,2395,0,2
STXBP1,2882,0,7
HDDC2,64,0,2
IGSF11,2760,0,2
SNHG6,2191,0,1
FAM101B,2989,0,2
LOC101928076,2980,0,2
MAP1A,390,0,2
ZNF462,2630,0,2
LOC100996724,2681,0,2
EIF4B,2900,0,2
RBM24,2483,0,2
TCF7L2,2899,0,2
FAM189A1,2846,0,2
EVI2B,2897,0,2
RP3-508D13.1,2980,0,2
SPRYD3,2539,0,2
AP2M1,2728,0,2
CYP1B1,2914,0,2
RRM2B,2947,0,2
MAP7D1,778,0,2
LECT2,2980,0,2
AP3S2,1510,0,2
TERF1,2051,0,2
TUNAR,1588,0,2
NOL7,2495,0,2
PLEKHA2,69,0,2
COCH,2399,0,2
ZSWIM6,1853,0,2
DUSP22,1577,0,2
ABCC8,2481,0,2
CDK5,1848,0,2
SGPP1,1357,0,2
UBR3,2282,0,2
RPLP0,2205,0,2
SORL1,2865,0,1
SSBP3-AS1,2215,0,2
BLOC1S5-TXNDC5,1662,0,2
SPIRE1,1241,0,2
USP47,2088,0,2
FAM149A,1497,0,2
TMEM246,1008,0,2
CRTC3,2956,0,2
TUSC1,2777,0,2
COQ3,700,0,2
MAFF,2889,1,2
CCNI,2644,0,2
EPDR1,967,0,2
RP11-53O19.3,2775,0,2
MYOM2,1301,0,2
PAPLN,2721,0,2
WWC2,2945,0,2
RPS17,2310,0,1
GOLPH3,2844,0,2
ABHD17B,2110,0,2
BHLHE22,947,0,2
TAF6,525,0,2
CSGALNACT2,1896,0,2
LOC647070,565,0,2
ZFP62,2900,0,2
CGGBP1,1347,0,2
COPS5,738,0,2
CDKN2B-AS1,2945,0,2
ARL4A,2725,0,2
GAB2,573,0,2
HIST1H3G,2980,0,2
FAM73A,2483,0,2
HAUS3,2936,0,2
ARMCX2,10,0,2
FAM8A1,2864,0,1
SLC25A21-AS1,2980,0,2
MKKS,1206,0,2
PGK1,2850,0,2
PLS3,2660,0,2
LOC100289097,864,0,2
RALBP1,2963,0,2
FAM126B,1222,0,2
UBLCP1,2483,0,2
7-Sep,2025,0,2
EEF1G,2310,0,1
HS6ST3,1553,0,2
ACTL6B,1895,0,2
SKIV2L,2937,0,2
RP11-300A12.2,2980,0,2
CLTB,2291,0,2
SH2D5,2710,0,2
NOXRED1,2785,0,2
FBXL15,2928,0,2
NAPG,1719,0,2
MRPL18,1246,0,2
HS3ST2,771,0,2
TNS1,2924,0,2
VDAC2,1376,0,2
COX7A1,1000,0,2
MTMR12,1471,0,2
EDAR,2943,0,2
PLGLB1,2411,0,2
AP006547.3,2785,0,2
RNMT,874,0,2
BABAM1,2691,0,2
RBP4,1895,0,2
CHURC1,1544,0,2
LINC00342,2834,0,2
ATG2B,1286,0,2
TOMM34,1382,0,2
KIFC2,856,0,2
FXR1,1818,0,2
MAST3,199,0,2
GTF2H2B,2764,0,2
SRGAP3,1286,0,2
ETS2,2934,0,2
HLA-DQB2,2873,0,2
NCR3LG1,2973,0,2
PFDN1,2373,0,2
DOCK10,1292,0,2
CLCN3,2282,0,2
SERF1A,2256,0,2
AGPAT3,2797,0,2
SLCO1C1,918,0,2
SOX21,2980,0,2
ACVR1,1201,0,2
HSPB11,2983,0,2
LGALS1,2693,0,2
PHB2,1047,0,2
FAM91A1,2914,0,2
LINC00094,1025,0,2
UAP1,996,0,2
LYRM5,2527,0,2
DDX21,1935,0,2
ZNF611,459,0,2
VAMP3,2450,0,2
C8orf46,1151,0,2
BC038731,2873,0,2
MAP2K4,684,0,2
LINC00086,2157,0,1
DDX6,999,0,2
C3orf18,2929,0,2
CAMK2A,88,0,2
RBAK,1134,0,2
LOC100505715,1566,0,2
SARAF,2799,0,4
DBNDD2,2019,0,2
POLR2K,2853,0,2
TMEM200A,897,0,2
LOC100507291,2980,0,2
ANXA5,2898,0,2
ATP8A1,668,0,2
FLJ22184,586,0,2
DYNC1I2,1778,0,2
CALY,1669,0,2
RAB37,2936,0,2
CLASP1,1929,0,2
DACH2,785,0,2
HIAT1,1024,0,2
NDUFA9,2839,0,2
DNAH17-AS1,2945,0,2
C9orf135-AS1,2874,0,2
MYH15,2785,0,2
NDUFC1,1973,0,2
AFTPH,1694,0,2
KLHDC10,160,0,2
TMX3,1209,0,2
MAPK11,2845,0,2
MIF,2728,0,2
TMEM255A,2944,0,2
HEY1,2024,0,1
KCNK1,2997,0,2
KIAA0319,74,0,2
RCN2,1806,0,2
CS,221,0,2
C7orf55-LUC7L2,2801,0,2
ARMCX5-GPRASP2,2707,0,1
AKR1C2,1681,0,2
RBM25,1720,0,2
ANKRD34C,2407,0,2
KDR,2897,0,2
DNAJC1,2567,0,2
PABPN1,1101,0,2
SERPINB6,2388,0,2
SUB1,1071,0,2
IPO7,1731,0,2
CNTNAP2,1356,0,2
ARNT2,2234,0,1
DEF8,1757,0,2
DNM1,2799,0,4
PUF60,2942,0,2
B4GALT5,1805,0,2
ZMAT2,2692,0,2
DNAJC24,932,0,2
PRPS2,2891,0,2
GNA12,2611,0,2
FAM179B,2281,0,2
SGK1,1944,0,2
PAK7,2871,0,2
WFDC10B,2980,0,2
ZFAND5,2967,0,2
EVI2A,2957,0,2
KCNQ5,1204,0,2
PPEF1,2546,1,2
CFL2,1544,0,2
PDZD11,1243,0,2
CCAR1,2109,0,2
ARHGDIG,2937,0,2
SATB1,2955,0,2
BRD4,414,0,2
CRY1,1360,0,2
ACSBG1,2887,0,2
PIGT,2100,0,2
TSPAN5,1920,0,2
TDRD9,953,0,2
COPS8,827,0,2
NDUFB9,2577,0,2
HMGB1P4,2920,0,2
CSTB,1242,0,2
LOC101930075,2372,0,1
CCZ1,2967,0,2
CCDC88A,2834,0,2
CABP7,1446,0,2
EIF3F,2836,0,2
PSMB4,1689,0,2
RAB24,751,0,2
RP5-1085F17.3,2681,0,2
AF520793,1818,0,2
KAL1,1438,0,2
ILK,2847,0,2
MMADHC,1776,0,2
UNC13C,2440,0,2
ARL6IP5,2840,0,1
OPN3,300,0,2
WBSCR17,1552,0,2
CREG1,2307,0,2
IL1RAPL1,2118,0,2
N4BP2L2,2957,0,2
LOC100507462,2980,0,2
LNP1,2120,0,2
MPDZ,1494,0,2
BAI2,2293,0,2
JAG1,2631,0,2
AK4,2715,0,2
LINC00567,2980,0,2
NONO,2796,0,2
CAMKK1,734,0,2
ADRB1,2054,0,2
HDHD2,1794,0,2
KIF23,2980,0,2
KTN1,1788,0,2
CTCF,2210,0,2
IER3IP1,2216,0,2
SEC31A,479,0,2
GTF3A,2577,0,2
PAXIP1,1302,0,2
FABP5,13,0,2
SACS,2739,0,2
THSD7A,2700,0,2
ACAD11,2899,0,2
SLC27A1,2297,0,2
FIBP,2733,0,2
AP1G2,263,0,2
UBE2N,1213,0,2
CARS,237,0,2
OTUD3,2937,0,2
MAP2,2442,0,4
AKAP12,1612,0,2
MALAT1,2522,0,5
REPS2,992,0,2
SLC24A4,2985,0,2
ACO2,686,0,2
NEURL1B,88,0,2
CORO6,1567,0,2
GSKIP,1152,0,2
PPME1,2317,0,2
EIF4G3,2673,0,2
ARMCX1,2775,0,2
SLK,2165,0,2
FKBP5,2872,0,2
EIF3A,1476,0,2
LRFN1,2438,0,2
SYTL2,1170,0,2
LSS,2559,0,2
CFH,2631,0,2
PTPN11,2669,0,2
DDIT4,2794,0,2
RTN2,1633,0,2
SNORA29,2142,0,2
PLEKHA5,1572,0,2
GPX1,2904,0,2
LOC101927653,2979,0,2
SUN2,2888,0,2
TRIM44,1883,0,2
RANBP9,2468,0,2
RFK,808,0,2
PRKCZ,199,0,2
RP5-1074L1.4,1365,0,2
FASTKD1,1423,0,2
PNMAL1,2625,0,4
LOC101929584,2944,0,2
SLC12A2,2819,0,2
DUSP4,1292,0,2
LOC101929232,2834,0,2
ACTR6,986,0,2
CUBN,2980,0,2
EPB41L3,2817,0,2
GLUD1,2887,0,2
PSMD6,2462,0,2
CWC15,1885,0,2
COX2,2662,0,8
BEX5,2826,0,4
STAT4,300,0,2
C4orf46,2495,0,2
NAE1,1104,0,2
LOC102724809,2980,0,2
CYC1,1852,0,2
RPS6KA2,2920,0,2
SAMHD1,2591,0,2
NRIP3,2221,0,2
ATF7IP,585,0,2
EEF1D,2211,0,2
STK39,2456,0,2
SCARA5,2914,0,2
LOC554174,2980,0,2
RP4-635E18.8,1467,0,2
MORF4L2,2157,0,1
ZNF189,461,0,2
GNAI1,2282,0,2
TRMT112,1123,0,2
CACNA1B,2408,0,2
IMPA1,2383,0,2
FAM213A,2618,0,2
UBE2V2,924,0,2
PLCB1,2739,0,2
DUSP8,570,0,2
GALNT16,1169,0,2
LINC01057,2944,0,2
C19orf53,1849,0,2
RPL15,2575,0,1
PLEKHA6,2411,0,2
TSC22D1,2365,0,1
HIST1H2BK,2937,0,2
ADRA2C,2943,0,2
RNF19A,1935,0,2
NDUFA11,1354,0,2
CMC2,2771,0,2
HDAC4,1394,0,2
RAB11A,2391,0,2
BAI3,2922,0,2
KCNIP4,1945,0,2
NOLC1,2511,0,2
MAN1B1-AS1,865,0,2
LOC100272216,1704,0,2
LOC102723918,1643,0,1
FAM168B,2375,0,2
LOC221272,2875,0,2
CCDC25,596,0,2
FAM41AY1,2944,0,2
NPTX2,483,0,2
HDAC1,2862,0,2
MTCL1,2818,0,2
SLCO3A1,372,0,2
ZNF540,2507,0,2
MIR600,2118,0,2
SEMA5B,1224,0,2
DZIP3,900,0,2
SOSTDC1,2368,0,2
TMED9,1994,0,2
COL4A2,1674,0,2
IBTK,1856,0,2
POLE3,1593,0,2
GTF3C6,2447,0,2
SNRNP70,457,0,2
C19orf70,1441,0,2
KBTBD11,2748,0,2
NAA20,2850,0,2
NMD3,2486,0,2
LOC101928789,2980,0,2
NKX6-3,2783,0,2
CARKD,2805,0,2
MIR943,2845,0,2
MIR6840,1490,0,2
CMTM4,1795,0,2
SLC25A4,1734,0,2
AUP1,454,0,2
EIF3E,1347,0,2
RASEF,49,0,2
CYGB,2943,0,2
CBX5,294,0,2
MRAP2,1291,0,2
FN3KRP,874,0,2
MYRFL,2980,0,2
DNER,2282,0,2
LOC441461,2550,0,2
C4orf27,701,0,2
AP1B1,2847,0,2
IFIT1,2852,0,2
MAST4,1687,0,2
RPS21,2310,0,1
ARHGAP18,1928,0,2
ABR,2969,0,2
LAMP2,1714,0,2
BSDC1,2956,0,2
PFDN5,2958,0,2
TPD52L1,2418,0,2
PET100,2373,0,2
ZDHHC8,2930,0,2
SNRPN,1371,0,2
VBP1,1936,0,2
PEX11B,980,0,2
MRPS9,2949,0,2
CFHR2,2897,0,2
SLC39A14,2052,0,2
KIF1A,189,0,2
PPP1CC,2358,0,2
ZFAND2A,616,0,2
AKR1B1,616,0,2
MAPRE2,1160,0,2
CCDC113,1213,0,2
ARHGEF26,2664,0,2
TRAPPC8,1795,0,2
PNPLA6,2597,0,2
HERC2P2,2191,0,1
VOPP1,2172,0,2
LOC100289333,85,0,2
MEF2A,1283,0,2
PSMA4,2879,0,2
SLC4A3,1113,0,2
TMEM150C,736,0,2
COBL,2587,0,2
KIRREL3-AS2,2785,0,2
RPS11,2299,0,1
TMEM106B,2977,0,2
MRPL20,1971,0,2
KLHDC9,566,0,2
GUSB,2956,0,2
GPX4,130,0,2
RPS6KC1,1882,0,2
SDF4,517,0,2
MYL6,2150,0,2
RPRD1A,1844,0,2
NDUFB10,1850,0,2
TUBA4A,332,0,2
FSD1,539,0,2
LOC100129550,551,0,2
ACOT7,2965,0,2
EIF1,529,0,2
TROVE2,1796,0,2
LINGO1,1554,0,2
ATP5H,1246,0,2
PFKP,1678,0,2
LRFN5,2645,0,2
DGKZ,1759,0,2
OAT,2826,0,4
KIAA1841,2971,0,2
ANKDD1A,2899,0,2
LOC100996412,1609,0,2
FH,64,0,2
RPS12,2309,0,1
ANKRD34A,1143,0,2
INPP1,2970,0,2
CNOT7,2179,0,2
LINC00577,2785,0,2
RPL9,2800,0,4
RPPH1,2945,0,2
EIF4A2,2355,0,1
EGR4,1681,0,2
DAD1,1559,0,2
LOC283588,2551,0,2
FAM102B,24,0,2
CXADR,787,0,2
RPL29,2904,0,2
ZFP37,2897,0,2
MRFAP1L1,1859,0,2
AC007680.2,2944,0,2
ZNF721,67,0,2
KIF20B,2897,0,2
PLEKHA1,1763,0,2
HNRNPH1,2473,0,2
NCOA7,1712,0,2
WDR82,2365,0,1
TIPRL,2051,0,2
SIRPA,2375,0,2
SLC6A12,2765,0,2
PAQR8,2795,0,2
JPH1,2051,0,2
WAS,2550,0,2
RALA,2463,0,2
APBB3,1012,0,2
TULP2,2945,0,2
MAP1LC3B2,2980,0,2
TMEM170B,2994,0,2
FBXO34,9,0,2
ZNF703,918,0,2
TCEAL1,2086,0,2
VIM,2862,0,2
ZIC1,2924,0,2
SLC25A14,397,0,2
COMMD7,2942,0,2
LEPROT,2760,0,2
RGL1,2123,0,1
MINK1,586,0,2
ITPKB,2388,0,2
LPPR5,973,0,2
C10orf32,900,0,2
RGL2,545,0,2
HNRNPAB,2105,0,2
RPS14,2958,0,2
GPR17,2177,0,2
ZC3H15,829,0,2
SPAG9,1414,0,2
GPBP1,2771,0,2
HCN1,634,0,2
AK057657,2923,0,2
FAM134A,142,0,2
C16orf52,1763,0,2
GNG3,2728,0,2
OAZ1,2800,0,4
ND4,2662,0,8
PPFIA2,888,0,2
SLC16A14,2125,0,2
RPL12,2112,0,2
RP11-559M23.1,2943,0,2
SHC2,766,0,2
PLN,2631,0,2
CDC123,2263,0,2
C12orf4,2268,0,2
ARPC1A,647,0,2
RASD1,2233,0,1
SORT1,998,0,2
MIEN1,422,0,2
TMEM184B,2714,0,2
FAM84A,2951,0,2
FAM127A,2636,0,2
LINC01305,2783,0,2
GOLGA5,2246,0,2
ZNF432,1359,0,2
SRP14,2625,0,4
ANO3,556,0,2
UCHL1,445,0,2
RPL36,2150,0,2
IER3,2781,0,2
STX1B,1681,0,2
CORO1A,1895,0,2
MTIF2,1981,0,2
RPL38,2310,0,1
NMNAT2,2286,0,2
CNTRL,2937,0,2
BARHL1,2945,0,2
ATP6V1H,1249,0,2
ZBTB1,2937,0,2
AKAP13,1142,0,2
ST13,2571,0,2
SMDT1,2385,0,2
BCL2L2,2066,0,2
BEX4,1138,0,2
SLC25A33,2681,0,2
MRI1,2346,0,2
UNC5B,1926,0,2
CNIH1,2775,0,2
BLOC1S6,2831,0,2
FAM177A1,2688,0,2
GLO1,1234,0,2
ATP1B3,1597,0,2
AC068138.1,2944,0,2
DHCR24,2329,0,2
SFN,2655,0,2
GMNN,1896,0,2
USP31,2210,0,2
SUCLA2,2124,0,2
STOX2,2955,0,2
GLG1,2740,0,2
EPC2,2676,0,2
NASP,2834,0,2
RGS1,2914,0,2
CPEB2,1573,0,2
CYP11A1,2980,0,2
SOCS7,1701,0,2
PCP4L1,2368,0,2
FAM120A,2412,0,2
TIMP1,2914,0,2
ZNF385A,1264,0,2
SLPI,2914,0,2
UBE2Q2,2582,0,2
C11orf87,1447,0,2
USP32P2,2993,0,2
DCTN3,970,0,2
CTR9,1082,0,2
BTBD1,2864,0,1
STAT1,1056,0,2
SCN3A,2922,0,2
LOC286437,476,0,2
TNKS,1190,0,2
PCBP1,2465,0,2
CARNS1,2559,0,2
FAM98A,636,0,2
PPP2R5E,1591,0,2
IGHV7-81,2980,0,2
PDP1,2620,0,2
SCN1A,2620,0,2
ARPP21,1170,0,2
LOC339593,2944,0,2
SUPT7L,1737,0,2
CHCHD1,647,0,2
FLJ45825,2980,0,2
CCT8,1794,0,2
JKAMP,1213,0,2
ZFAND6,2908,0,2
ARPC3,1246,0,2
SPEN,2957,0,2
GHITM,966,0,2
RAB4A,1253,0,2
DEDD2,289,0,2
GADD45B,2592,0,2
SYT16,2739,0,2
CDK13,578,0,2
DCLK1,1330,0,2
SOX2,2887,0,2
PITPNA,1238,0,2
SF3B5,649,0,2
ZC2HC1A,2624,0,2
NDUFB6,1089,0,2
KIF5A,2152,0,1
SNCA,1784,0,2
PON2,2795,0,2
PCP4,1569,0,2
MAGI2,1366,0,2
OLFML3,2874,0,2
TESK1,256,0,2
RPL19,2310,0,1
CTD-2541J13.1,2945,0,2
TERF2IP,2707,0,1
NCOA6,2872,0,2
DHX32,2663,0,2
IFT88,1716,0,2
LOC100507547,1671,0,2
RAB13,2794,0,2
COLEC12,2721,0,2
SHANK3,2740,0,2
ARHGEF7,2973,0,2
CCDC28A,2122,0,2
LRPPRC,806,0,2
NEDD8,2464,0,2
RBPJL,2875,0,2
SYN3,2986,0,2
RPL18,2150,0,2
SPOPL,1394,0,2
PDZD2,2986,0,2
AMER2,2696,0,1
CDR2,2982,0,2
EPS8L3,2944,0,2
IFT20,1614,0,2
TBCB,268,0,2
B3GNT1,614,0,2
DTX4,548,0,2
ALCAM,2564,0,2
RP11-690I21.2,2567,0,2
RAB26,116,0,2
RFPL1S,863,0,2
CACNG7,2944,0,2
RAC1,2707,0,1
NUDC,1546,0,2
LOC728392,2826,0,4
CYCS,1800,0,2
CCM2,2949,0,2
DNAJB1,2289,0,2
CHCHD10,1038,0,2
RP11-27I1.6,2944,0,2
C17orf49,1100,0,2
ANKRD40,2611,0,2
LINC00657,2562,0,1
LRP4,2795,0,2
CHI3L1,2655,0,2
HSPE1-MOB4,1909,0,2
ACACB,2862,0,2
NPPA,2943,0,2
TIMM21,2947,0,2
IER5,905,0,2
GSTM2,865,0,2
CAPN3,2899,0,2
C9orf91,1677,0,2
RP11-118G23.1,2945,0,2
CLASRP,383,0,2
RTN4,2838,0,4
CAP2,2625,0,4
B3GAT2,2605,0,2
LOC285638,2944,0,2
BMS1P6,623,0,2
YY1,1538,0,2
LOC100129447,1609,0,2
WRB,1431,0,2
KCNMA1,1731,0,2
INTS2,1056,0,2
COPS6,2741,0,2
NGFRAP1,2882,0,7
ARHGEF26-AS1,2887,0,2
FABP7,2549,0,2
KRT10,1455,0,2
GBAS,822,0,2
TMEM38A,2405,0,2
MTERF3,1255,0,2
MBP,1878,0,2
PALM,2845,0,2
HCK,2944,0,2
KIAA0430,2440,0,2
ADRBK2,438,0,2
CKAP5,1849,0,2
CADM1,1651,0,2
APLNR,2655,1,2
ATP2A2,1784,0,2
FUT9,1612,0,2
CPLX1,561,0,2
CRB1,2913,0,2
DUSP1,2924,0,2
RP3-525N10.2,1176,0,1
TBPL1,480,0,2
USP16,2806,0,2
RPL6,2575,0,1
NEMF,1404,0,2
CILP,2944,0,2
TSPYL2,215,0,2
DPM3,1512,0,2
TRAPPC5,1848,0,2
PRR24,657,0,2
LOC285043,2980,0,2
MAGEE1,2044,0,2
PJA2,165,0,2
DQ597730,2936,0,2
TMEM178B,1213,0,2
VPS26A,2967,0,2
TENM1,1154,0,2
SNHG8,723,0,2
TSPYL1,2865,0,1
PPP3CB,2707,0,1
TNPO1,1560,0,2
UTP18,1213,0,2
RND1,2934,0,2
VPS13C,1686,0,2
ATP6AP2,2739,0,2
NSMCE1,1848,0,2
IL34,2943,0,2
SEPHS2,1578,0,2
NELFB,545,0,2
DQ570096,2618,0,2
CABP1,367,0,2
DZANK1,2943,0,2
CDV3,2756,0,2
CXCL16,2765,0,2
PUM1,2618,0,2
CADPS,1837,0,2
RUSC2,2539,0,2
RAB6A,1526,0,2
CLTC,1234,0,2
FRMD5,2196,0,2
PIP4K2A,2663,0,2
NFIC,1629,0,2
SOX9,2794,0,2
MFSD4,983,0,2
GATAD2B,1867,0,2
RBM6,1714,0,2
GRB14,2549,0,2
POMT1,1497,0,2
CMTR1,895,0,2
MYO1C,1540,0,2
CYB5R3,2858,0,2
TRAPPC6B,924,0,2
MYH11,2631,0,2
HERC1,1495,0,2
BBS7,935,0,2
SLC16A9,2814,0,2
PPP3CA,2838,0,4
COPRS,1958,0,2
HLA-C,2889,0,2
NPLOC4,689,0,2
CRIPAK,2698,0,2
AK094644,2846,0,2
PRR11,49,0,2
LPAR1,2889,0,2
EPB41L4A-AS1,2857,0,2
OGFRL1,461,0,2
SEC11A,1488,0,2
MED16,1681,0,2
STAG2,1749,0,2
UNC80,701,0,2
DDX25,996,0,2
CKMT1A,199,0,2
DNAJC25,2400,0,2
SDHAP1,2174,0,2
CDK17,988,0,2
PRDM16,2913,0,2
ARHGAP35,278,0,2
PSMA1,2159,0,2
PACSIN1,2585,0,2
KIAA1549L,2746,0,2
SMC5-AS1,2980,0,2
CCDC151,1233,0,2
PLCD1,2377,0,2
ISCA1,1204,0,2
C16orf45,1162,0,2
LOC100132735,2980,0,2
LOC440934,1151,0,2
ABCA1,2324,0,2
PIP5K1B,2405,0,2
CTSL,999,0,2
PGRMC2,1024,0,2
HSPA4L,1007,0,2
GABARAP,353,0,2
TMX2,1353,0,2
ARHGAP36,1292,0,2
RYR2,2876,0,2
XRCC6,2686,0,2
RBFOX2,2585,0,2
KCNT2,953,0,2
LOC101928278,2945,0,2
LOC101929687,2886,0,2
TRPS1,2611,0,2
ANO5,1771,0,2
SIDT2,898,0,1
RP11-124L9.5,2943,0,2
FAM220A,1919,0,2
FN1,2389,0,2
ZDHHC11,1747,0,2
B4GALT6,932,0,2
NIPAL2,2986,0,2
COX6B1,844,0,2
CHMP4A,2681,0,2
LOC441155,1747,0,2
SATB2,2935,0,2
SVIP,834,0,2
LUZP6,2576,0,1
PRRG1,2681,0,2
TRNP1,810,0,2
ARMCX6,2564,0,2
DDIT4L,2939,0,2
TMTC3,1410,0,2
HEBP1,2719,0,2
MEG3,2410,0,1
MGST3,687,0,2
NBEAL1,2206,0,2
DPY19L2P2,2475,0,2
WDR45B,1634,0,2
UQCR10,1765,0,2
CDKN1A,2388,0,2
SNX3,2707,0,1
UBA2,2946,0,2
PTPRR,1895,0,2
AGAP4,2930,0,2
NCOR2,357,0,2
SLC6A8,610,0,2
CACNB3,1073,0,2
TMOD1,2934,0,2
PPP4R2,2787,0,2
FEZ1,2235,0,2
LOC100996740,193,0,2
PCDH8,339,0,2
CDH10,1955,0,2
COMMD9,1018,0,2
ZBED5,2257,0,2
CCT6A,2648,0,2
SPARCL1,2882,0,7
RPAP2,2937,0,2
SPATA2,2927,0,2
MTHFD1,1767,0,2
RRAGD,2207,0,2
NGRN,2428,0,2
ZFPM2,636,0,2
NT5C3B,365,0,2
Y16709,2205,0,2
MRPL47,2373,0,2
KRTAP5-9,2980,0,2
GRAMD3,2862,0,2
HIST1H2AM,2980,0,2
MLLT11,2838,0,4
NFKBIA,2898,0,2
REPIN1,2819,0,2
AC004941.5,2944,0,2
SLC4A4,2759,0,2
JOSD1,2927,0,2
ZNF204P,2995,0,2
KCNH3,488,0,2
PMEPA1,2411,0,2
SEMA5A,1292,0,2
S100A4,2980,0,2
STXBP6,2509,0,2
KLHL12,1213,0,2
FOXO6,1760,0,2
WASF3,2621,0,2
ZMYND11,2193,0,2
LZTR1,1101,0,2
NGFR,2945,0,2
C20orf24,2143,0,2
GABRB3,1552,0,2
CHST15,1301,0,2
A2M,2450,0,2
SDHA,2686,0,2
LOC101927703,2873,0,2
SLC25A16,688,0,2
WARS,1848,0,2
C11orf31,2674,0,2
NME5,978,0,2
C4A,2862,0,2
KIAA1191,2865,0,1
EPB41L1,993,0,2
CHST5,2874,0,2
CEBPB,2116,0,2
CASC3,2193,0,2
NCAM1,254,0,2
VSNL1,2838,0,4
KIF3A,2869,0,2
LOC101929260,2785,0,2
LOC285178,2788,0,2
PPIG,2110,0,2
PAMR1,2941,0,2
SNRNP27,2178,0,2
HABP4,2014,0,2
PAPD5,1929,0,2
NPIPB15,1232,0,2
FAM19A5,2326,0,2
RAB11FIP2,2527,0,2
SEMA6A,2975,0,2
PODNL1,1232,0,2
LCLAT1,1024,0,2
C6orf136,1025,0,2
ATG4C,1896,0,2
SRGN,2940,0,2
ALDOC,185,0,2
FTO,137,0,2
KDM5D,2956,0,2
CA11,470,0,2
ANKRD29,1056,0,2
LATS2,1446,0,2
CTB-12A17.3,451,0,2
DPF2,2118,0,2
MTMR4,2869,0,2
C2orf80,1945,0,2
FZD10,2944,0,2
DCTN6,2996,0,2
CLASP2,823,0,2
TACC1,1780,0,2
NDUFA13,969,0,2
DYNC1H1,2857,0,2
CLDN11,2924,0,2
CHKB,430,0,2
PTN,2697,0,1
MCHR1,1681,0,2
CPT1C,1025,0,2
ATP8B1,1705,0,2
UG0898H09,1675,0,2
TIGD1,1054,0,2
FAM107B,1878,0,2
HSPE1,1859,0,2
EIF1B,1801,0,2
FLOT1,1753,0,2
ACTR3,554,0,2
WASL,984,0,2
XIST,1758,0,2
COL16A1,463,0,2
PRUNE2,1636,0,2
RPS16,2299,0,1
HOPX,1949,0,2
SYNM,2046,0,2
LOC101929325,2783,0,2
SNRPA1,2909,0,2
ALDH2,2072,0,1
MIR100HG,1935,0,2
SUCLG1,2352,0,2
BBX,2989,0,2
PRMT8,792,0,2
PPP1R3B,2875,0,2
CD83,1250,0,2
BIN1,1812,0,2
UBE2A,1196,0,2
RPL10,2942,0,2
LOC100506248,2228,0,1
PIP5K1C,2349,0,2
HNRNPA3,2621,0,2
ZNF121,1220,0,2
FAM153A,1490,0,2
LINC01061,938,0,2
PARP1,847,0,2
DKK3,2157,0,1
SHISA4,2937,0,2
RP4-758J24.5,701,0,2
RP11-646J21.6,2783,0,2
POM121L12,2886,0,2
TREM1,2944,0,2
TNFRSF13B,2897,0,2
PLCXD2,1429,0,2
TTC3,2864,0,1
PCSK1N,536,0,2
GNG10,2992,0,2
CXCL14,2714,0,2
LAGE3,609,0,2
ATRAID,700,0,2
TAOK1,1853,0,2
B3GALT2,1555,0,2
ITPKA,2704,0,2
PIFO,2944,0,2
TLN2,880,0,2
BRSK1,598,0,2
C3,2920,0,2
MT1F,1998,0,2
LINC00936,271,0,2
DMXL1,2912,0,2
TIMM17A,1204,0,2
SLC39A12,2887,1,2
HP1BP3,1869,0,2
ST6GALNAC5,953,0,2
HRH2,2874,0,2
PFKM,130,0,2
SPARC,2888,0,2
ARF4,2948,0,2
TMEM69,2762,0,2
PACS2,427,0,2
SLBP,822,0,2
KPNA5,2947,0,2
RASGRF2,2303,0,2
ECHDC2,2297,0,2
TAF7,1648,0,2
GABRB2,2442,0,4
ASNS,1790,0,2
NABP2,2897,0,2
RAB1A,1472,0,2
HSP90AB1,1121,0,2
PCSK2,2876,0,2
ATP6V0C,880,0,2
RAB1B,258,0,2
KIAA0368,513,0,2
MLEC,1853,0,2
ABCC10,2347,0,2
C7orf63,2783,0,2
LEMD3,2967,0,2
AC007365.3,2897,0,2
ARPC2,92,0,2
NDUFA8,1976,0,2
PSAPL1,2886,0,2
TRIM37,1877,0,2
MICU1,1168,0,2
LINC00112,2980,0,2
ENOPH1,1937,0,2
RNF103,1478,0,2
HEPACAM2,2980,0,2
CWC27,2110,0,2
PIPOX,2040,0,2
RAB11FIP3,1704,0,2
CHN2,1579,0,2
NEFM,2826,0,4
ICE1,840,0,2
MINOS1,2571,0,2
RNF145,2008,0,2
ZNF573,2834,0,2
SRXN1,2394,0,2
RAPGEF2,2869,0,2
DKFZP434F142,2874,0,2
PGAP1,954,0,2
PTPRD,2955,0,2
PTPRN,1895,0,2
GLCCI1,2552,0,2
CHD9,1818,0,2
CCDC64B,2943,0,2
TIMMDC1,2915,0,2
SHISA5,2227,0,2
SGK223,2716,0,2
PPP4R1,1312,0,2
MTURN,1878,0,2
LINC00537,395,0,2
SAR1A,17,0,2
COL5A2,1284,0,2
XKR4,2349,0,2
CDK5RAP2,732,0,2
PDK3,2391,0,2
RALGDS,2920,0,2
UBR7,1315,0,2
BCAS2,1776,0,2
EFHD1,2498,0,2
TUBB,1288,0,2
GRM7,887,0,2
ARF3,2635,0,2
SLC26A11,2568,0,2
SNX11,2860,0,2
RPL4,2310,0,1
BSN,356,0,2
PRPF8,1757,0,2
CHORDC1,2947,0,2
GLOD4,10,0,2
SMARCA1,1148,0,2
CAPZB,306,0,2
RP11-305E6.4,1644,0,2
LOC101927166,1692,0,2
HMGN4,2238,0,2
NSUN6,476,0,2
GUSBP2,2944,0,2
SYT2,2825,0,2
HSP90AA1,2882,0,7
ZNF281,1457,0,2
CAP1,82,0,2
BAALC,2621,0,2
PAN3,1576,0,2
CRYM,1434,0,2
PNO1,2944,0,2
AX747652,2930,0,2
KIZ,2762,0,2
NDUFAF4,1589,0,2
LOC101926951,2605,0,2
POLR2I,608,0,2
ATP5F1,1474,0,2
IPW,1379,0,2
HINT1,1014,0,2
PUM2,2970,0,2
MSL1,2872,0,2
RIMS3,2738,0,1
C9orf64,78,0,2
UBN1,2962,0,2
LOC153811,2100,0,2
TRBV7-3,2980,0,2
VAMP4,2816,0,2
ANKRD20A1,1869,0,2
MLYCD,2783,0,2
SCUBE1,2980,0,2
LL22NC03-N27C7.1,2886,0,2
CETN2,1790,0,2
HMGCR,1152,0,2
P2RY14,2632,0,2
NAA60,233,0,2
MPP1,8,0,2
LOC100506076,1312,0,2
FXYD1,720,0,2
FLJ39080,2785,0,2
PDIA6,2506,0,2
MEGF9,2246,0,2
LIFR,2862,0,2
MIR1244-3,2989,0,2
ILDR2,2734,0,2
ZBTB33,237,0,2
RPS25,2309,0,1
AHCYL1,2362,0,2
PSMG1,2079,0,2
GPI,718,0,2
GTF3C2,2242,0,2
LOC400748,2980,0,2
CCNG2,1374,0,2
WSB1,1723,0,2
PGM1,2485,0,2
PEG10,1820,0,2
TBCE,932,0,2
RYR3,1132,0,2
FMO4,2785,0,2
ANLN,2420,0,2
ARRDC4,1761,0,2
FBXL5,2801,0,2
EXOSC6,2868,0,2
IDH3B,1852,0,2
VPS11,508,0,2
EBLN3,1222,0,2
SLC22A3,565,0,2
AMN1,1583,0,2
TPPP,2618,0,2
EHBP1,2077,0,2
TXNL4A,2857,0,2
RNF13,2587,0,2
NXF1,2872,0,2
BAZ2B,2518,0,2
LUC7L,2222,0,2
MED22,2937,0,2
NET1,2632,0,2
CBWD1,2909,0,2
ABRACL,850,0,2
GDA,1712,0,2
LPHN1,442,0,2
MT1X,1998,0,2
PEX5L,2876,0,2
ACTR8,2937,0,2
ADAM7,2980,0,2
RHOBTB3,2887,0,2
ZNF469,1324,0,2
SLC25A46,1089,0,2
JUN,1514,0,2
ZBTB41,2954,0,2
TP53INP2,2889,0,2
MYT1L,1773,0,2
BLNK,2874,0,2
CCDC3,1550,0,2
RECK,2937,0,2
TUBB3,2370,0,2
NUDCD3,1843,0,2
MAPK1,1110,0,2
CNTNAP1,236,0,2
ACLY,1118,0,2
TESPA1,2368,0,2
OVCH1-AS1,2785,0,2
TMEM9B,1349,0,2
ACTB,2838,0,4
CTNNA2,2802,0,2
SPOCK3,1664,0,2
DNAJB14,1222,0,2
TMEM263,1082,0,2
SCOC,1719,0,2
BAG4,1066,0,2
DPY19L3,2705,0,2
FBXO45,834,0,2
ALG2,1365,0,2
C9orf38,2945,0,2
ZFP36L1,2324,0,2
RIOK3,458,0,2
PCYOX1L,649,1,2
BC070363,1645,0,2
NCL,2506,0,2
RNF112,522,0,2
UNC13B,2872,0,2
MRPL9,1548,0,2
PXDC1,2664,0,2
STARD3,2783,0,2
CIT,2109,0,2
FAM96B,2904,0,2
AGTPBP1,1964,0,2
RPL7,2299,0,1
HIGD1B,2632,0,2
MATR3,2629,0,2
HNRNPR,1907,0,2
DNAJB13,2944,0,2
RPRML,2445,0,2
NICN1,2203,0,2
STAU1,2429,0,2
TSPAN13,2800,0,4
ADAR,2576,0,1
IRF2BPL,2365,0,1
TENC1,2943,0,2
GOLT1B,1270,0,2
AHNAK,2633,0,2
CPE,2234,0,1
ZNF280C,2944,0,2
MAP9,2876,0,2
AMIGO1,2341,0,2
TRA2A,2100,0,2
MED19,1662,0,2
PPP1R3C,2155,0,2
JPX,2254,1,2
MEGF10,2168,0,2
RBL2,1360,0,2
ACYP1,1864,0,2
KSR2,1310,0,2
RP11-498C9.17,2873,0,2
SLC18B1,2705,0,2
DMXL2,636,0,2
SCP2,2459,0,2
OSBPL9,1194,0,2
ANKRD36B,2410,0,1
ELAVL4,2893,0,2
FAM156A,1567,0,2
ZHX1,2156,0,2
MARCKS,2614,0,2
SUMO4,404,0,2
DIABLO,2741,0,2
ZNF354B,1233,0,2
HINT3,2939,0,2
VAMP7,2425,0,2
FSTL5,1357,0,2
NFAT5,1722,0,2
INTS8,2976,0,2
GOLGA6L4,2698,0,2
RPS16P5,2215,0,2
A4GNT,2873,0,2
DYNC1I1,967,0,2
FAM217B,2479,0,2
ARRDC3-AS1,2874,0,2
NOV,2914,0,2
LOC101929132,2944,0,2
AMMECR1L,1413,0,2
CREBBP,1896,0,2
MYO5A,2816,0,2
RP11-215H22.1,385,0,2
NPTXR,1382,0,2
LAMTOR5,2029,0,2
IFITM3,1629,0,2
TRY2P,2980,0,2
AKR1A1,2733,0,2
TMEM205,2883,0,2
PCNT,1350,0,2
RP11-722E23.2,2937,0,2
RNF168,2650,0,2
AK021977,2989,0,2
CDC16,2065,0,2
INSC,2944,0,2
MT1M,2898,1,2
TMOD2,2739,0,2
SMIM13,2555,0,2
ASB13,424,0,2
CHIC1,1084,0,2
PANK1,857,0,2
TARBP1,397,0,2
FNTA,2471,0,2
AIFM3,2183,0,2
RP11-663N22.1,2944,0,2
RBM17,1853,0,2
ROBO1,749,0,2
SPG21,2516,0,2
CACNA2D1,2922,0,2
LOC101929841,2411,0,2
ZNF770,1896,0,2
LOC100508408,2299,0,1
C16orf72,1310,0,2
TVP23A,1264,0,2
IMP4,705,0,2
SCO2,1338,0,2
WASIR1,2764,0,2
IPCEF1,2157,0,1
BC045789,2785,0,2
PELI1,1403,0,2
RNF146,2608,0,2
ZNF804A,1126,0,2
PAG1,2507,0,2
MIR4691,417,0,2
PAPSS1,1790,0,2
HSPH1,2869,0,2
ACADVL,2859,0,2
C1orf43,1315,0,2
CUTA,1426,0,2
ATP1B2,1629,0,2
NFU1,2460,0,2
TAF13,2912,0,2
AL109706,2945,0,2
LNPEP,2903,0,2
AC004951.6,2845,1,2
HIF1A,2365,0,1
ATP5J,2840,0,1
DGCR6L,2945,0,2
BEX2,2625,0,4
CPSF4,2872,0,2
GPAM,2887,0,2
CHDC2,2785,0,2
GBF1,2943,0,2
SNX31,2388,0,2
LMO3,132,0,2
SSR4,1353,0,2
CALR,911,0,2
UBE2R2,2673,0,2
NCALD,2031,0,2
GABRA4,695,0,2
KIT,2749,0,2
LOC101928139,2980,0,2
COA5,859,0,2
GDI2,2511,0,2
KIFC1,2944,0,2
FCGBP,2254,0,2
ST3GAL5,2643,0,2
KIF5B,1754,0,2
NUDT11,385,0,2
GTF2E2,771,0,2
THOC7,1636,0,2
MRPS35,1462,0,2
PLCG1,2420,0,2
RAB39B,1056,0,2
RPS11P1,2980,0,2
RBPJ,2019,0,2
FBXL2,2467,0,2
CAB39,1776,0,2
TPM2,2631,0,2
RP11-138A9.1,1567,0,2
LINC00515,1022,0,2
E2F3,176,0,2
NELL2,2799,0,4
LINC00622,501,0,2
C1orf95,990,0,2
SPP1,1878,0,2
SP6,2980,0,2
LOC652276,2944,0,2
VPS51,608,0,2
EIF4H,353,0,2
MED25,1142,0,2
KCNA3,2785,0,2
MIR4784,255,0,2
STOML1,299,0,2
FAM169A,2718,0,2
MGRN1,374,0,2
RBFOX3,275,0,2
ZYG11B,2578,0,2
FIG4,1825,0,2
FRMPD4,1666,0,2
SLTM,2802,0,2
PPP1R12A,1024,0,2
CXorf40B,595,0,2
CEP85L,2411,0,2
TSSC1,2009,0,2
ACSL3,2739,0,2
DNAJC5,2857,0,2
ZNF302,2564,0,2
KLF15,2591,0,2
P4HTM,380,0,2
SERPINF1,2273,0,2
SLC25A5,1899,0,2
AMIGO2,2181,0,2
RP11-521D12.1,2783,0,2
OXER1,2937,0,2
PDCL3,2936,0,2
CYFIP1,1834,0,2
DUSP26,2776,0,2
EFR3A,2707,0,1
FAM174B,1670,0,2
VPS9D1,2936,0,2
ST8SIA3,69,0,2
ABAT,2442,0,4
DST,2752,0,2
C9orf16,1142,0,2
HLA-A,2498,0,2
PTGDS,2782,0,1
KCTD10,2378,0,2
IFI16,2284,0,2
EGFLAM-AS4,2980,0,2
SNHG1,1295,0,2
CIRH1A,1670,0,2
SAT2,1747,0,2
KCTD13,1142,0,2
C6orf120,924,0,2
DPCD,649,0,2
ZNRF3,2168,0,2
LINC00621,997,0,2
TMED10,2459,0,2
TOMM70A,590,0,2
RPS15,188,0,2
SLC4A1AP,292,0,2
SST,2966,1,2
NDRG4,1288,0,2
RPL36AL,1794,0,2
MTMR6,2282,0,2
EPHA4,1081,0,2
PUS7,1401,0,2
MINOS1-NBL1,236,0,2
HTR2A,2818,0,2
ALKBH6,444,0,2
KBTBD2,1456,0,2
LDHB,2838,0,4
CYB561,1303,0,2
ZNF503-AS1,2945,0,2
CDK5R1,2992,0,2
ACTR1B,2230,0,2
DPYSL4,2399,0,2
ARMC6,2944,0,2
DBT,1705,0,2
ZDHHC6,1392,0,2
RUVBL2,1512,0,2
MB21D2,792,0,2
KLHL21,1489,0,2
POLR2B,2917,0,2
GLRB,2175,0,2
FUNDC1,1089,0,2
HMGB1,2300,0,1
TMEM130,1168,0,2
HSD17B4,2571,0,2
P2RY2,2944,0,2
SAP18,738,0,2
PIGP,2001,0,2
RPL27,2598,0,5
STRBP,905,0,2
RPS4X,2800,0,4
XRCC2,1609,0,2
PPM1E,2221,0,2
TXN,2853,0,2
KCNJ4,109,0,2
H3F3A,2112,0,2
PLP1,2410,0,1
SNHG5,2888,0,2
NME4,2559,0,2
LOC101929787,2862,0,2
RIMBP3,2944,0,2
VAPB,2803,0,2
ICAM5,1224,0,2
RPL8,353,0,2
LOC150051,2980,0,2
MIR6743,1242,0,2
NIM1K,2535,0,2
DQ586822,2798,0,2
CEP350,1723,0,2
LOC101930415,1878,0,2
LASP1,1918,0,2
LHX2,273,0,2
MAGED2,2929,0,2
SLC7A5,2889,0,2
ATP2B2,2955,0,2
PTGES3,1235,0,2
FBXW7,2469,0,2
HOTAIR,2980,0,2
THOC1,1384,0,2
CRIM1,2773,0,2
RPS8,1668,0,2
PDE2A,1812,0,2
PSMD7,1545,0,2
CEND1,2863,0,2
RASGRP1,111,0,2
RPL7A,2575,0,1
TRAP1,1984,0,2
C15orf27,1592,0,2
NDRG2,2795,0,2
SCGB3A1,2980,0,2
PLD3,2884,0,2
PCDH7,1685,0,2
MAP1LC3B,8,0,2
FOXC1,2924,0,2
ERVH-1,2503,0,2
NLGN4X,2327,0,2
MIR4647,911,0,2
LOC151121,2944,0,2
RP11-391M1.4,2806,0,2
FAM89B,1448,0,2
SLC35B1,771,0,2
CBX4,1748,0,2
TTC19,930,0,2
RPL37A,2522,0,5
OGDHL,2929,0,2
PTCHD1,2989,0,2
RP11-67L3.4,2980,0,2
LYSMD3,1896,0,2
BIRC6,2564,0,2
PSMD11,10,0,2
SEMA4C,2208,0,2
PREX1,2611,0,2
PSMB5,2686,0,2
LOC101926996,2944,0,2
ATMIN,1863,0,2
RABGGTB,2742,0,2
NAPB,2826,0,4
HAUS2,459,0,2
TPM1,1208,0,2
KIF21B,1759,0,2
LINC00520,938,0,2
USP14,1111,0,2
LOC102724356,1878,0,2
CEP170,2831,0,2
SNX27,477,0,2
HNRNPA0,1638,0,2
SMIM19,2996,0,2
ACOT13,2650,0,2
SCN2A,107,0,2
EIF2AK1,1910,0,2
TOMM20,1899,0,2
SFPQ,1567,0,2
ITFG1,828,0,2
KAZN,2488,0,2
PCDH19,60,0,2
PACSIN2,1551,0,2
DNAJC6,2707,0,1
MXI1,1930,0,2
NIT1,2937,0,2
SLC20A1,1191,0,2
PTPN5,2955,0,2
GABARAPL2,2245,0,2
ZCRB1,2319,0,2
OXCT1,1776,0,2
LINC00507,2986,0,2
ATP6V1E1,332,0,2
DNAJA1,1744,0,2
PNMA3,2973,0,2
NEBL,1713,0,2
USO1,996,0,2
ANKRD20A11P,395,0,2
PARN,2202,0,2
ROGDI,657,0,2
ATP2B4,1878,0,2
RNF38,1155,0,2
ITGAV,2496,0,2
LRRC47,1331,0,2
CHERP,2412,0,2
TMEM163,2395,0,2
AJAP1,2845,0,2
COX6C,1014,0,2
RPUSD3,1303,0,2
FEM1B,1060,0,2
ANK2,20,0,2
LINC00888,2868,0,2
SS18L1,2526,0,2
LOC654780,2897,0,2
LINC01125,2874,0,2
ZNF420,74,0,2
SOX10,2975,0,2
RNF139,2061,0,2
ATP1A2,2520,0,6
LOC101929164,2944,0,2
CHCHD6,1588,0,2
UQCRC2,1649,0,2
SMYD2,2407,0,2
LOC101930059,2962,0,2
TMEM50A,1477,0,2
PINK1,2916,0,2
ANKRD17,2585,0,2
TPD52,2122,0,2
GLUL,2520,0,6
FBXO9,904,0,2
HMP19,656,0,2
TMEM56,2725,0,2
GAPDH,2799,0,4
LINC01105,2100,0,2
FOXQ1,2296,0,2
SETBP1,1374,0,2
SLC13A5,2943,0,2
BZRAP1,2962,0,2
SPCS1,1331,0,2
ARMCX3,2165,0,2
CRELD1,643,0,2
IMPDH2,2883,0,2
RP11-121C2.2,2194,0,2
ARHGAP32,2818,0,2
LRRC8D,88,0,2
LOC100289361,2783,0,2
PTP4A2,1855,0,2
MOB4,2595,0,2
ADCYAP1R1,2887,0,2
PNMA2,2707,0,1
RPL23AP32,2222,0,2
ENGASE,427,0,2
FAM171B,2621,0,2
ATAD3C,2944,0,2
LOC100288798,2980,0,2
DDRGK1,2929,0,2
RAB28,2564,0,2
CLDND1,2020,0,2
TRHDE,2605,0,2
NDUFA12,1014,0,2
SH3GL3,595,0,2
COPS3,2105,0,2
NLRC5,2765,0,2
COMMD8,1007,0,2
PRDX5,1123,0,2
PURA,2571,0,2
CPNE6,1337,0,2
C16orf78,2874,0,2
CLUH,927,0,2
CLDN10,2734,0,2
RELN,795,0,2
MT3,1991,0,2
EML6,724,0,2
DAG1,2713,0,2
CYP46A1,2157,0,1
YPEL4,367,0,2
SH3RF3,1028,0,2
BRINP1,1554,0,2
PSMC1,975,0,2
PPFIA4,751,0,2
VSTM2L,641,0,2
RPN2,387,0,2
ZCCHC17,2653,0,2
ID2,2109,0,2
CCT7,971,0,2
ATP5G1,206,0,2
FIS1,1845,0,2
BHLHE40,2950,0,2
LHX3,2944,0,2
DNAJB2,1551,0,2
SF3A2,1681,0,2
ALDOA,332,0,2
SV2A,2233,0,1
SYT8,2873,0,2
REEP6,1681,0,2
VPS4A,147,0,2
PCMTD1,2900,0,2
UQCRH,1014,0,2
SLC25A19,2735,0,2
EIF3C,380,0,2
TCTN2,2937,0,2
EPS8,2941,0,2
N4BP1,2412,0,2
RPL7AP10,2930,0,2
CSPG5,2072,0,1
ABCG4,1681,0,2
EMC7,196,0,2
CASC18,2944,0,2
TMEM161B,2936,0,2
USP54,2568,0,2
TECPR1,2012,0,2
EPRS,2185,0,2
ORC6,787,0,2
FAM3C,2175,0,2
STK38L,1283,0,2
C10orf35,86,0,2
DGKG,1789,0,2
BTF3,2648,0,2
PXYLP1,1379,0,2
CHST11,1789,0,2
ATP6V1D,2260,0,2
ANKRD49,637,0,2
DTNA,2794,0,2
MIR22,2010,0,2
COX7B,2198,0,2
MOB1B,34,0,2
FAM213B,793,0,2
XAF1,2664,0,2
CEBPZ,1856,0,2
HNRNPUL2,1907,0,2
GUCA2A,2945,0,2
PSMD14,1331,0,2
AUH,2008,0,2
C18orf32,1095,0,2
CREBL2,2842,0,2
SNRNP25,1678,0,2
PRICKLE1,2171,0,2
CDH2,1701,0,2
LANCL1,2865,0,1
DAZAP1,2417,0,2
PRKACB,2575,0,1
GALNT11,2865,0,1
KB-1836B5.1,2944,0,2
DDN,432,0,2
PHPT1,1848,0,2
IPO13,467,0,2
ZNF160,1705,0,2
KCNA2,2818,0,2
RPLP0P1,2944,0,2
MAPK1IP1L,1572,0,2
LOC284889,1588,0,2
LINC00493,2996,0,2
RORB,2620,0,2
MAP3K5,2993,0,2
SLC25A34,2886,0,2
ETFB,2949,0,2
RP11-366L5.1,2980,0,2
PANK3,2224,0,2
PP13,2874,0,2
CSK,1608,0,2
BRI3BP,1494,0,2
CYSTM1,2714,0,2
TVP23B,2900,0,2
RAP1GDS1,2965,0,2
DQ592442,2798,0,2
PCDHGA4,2664,0,2
LYRM7,2354,0,2
LOC729680,2802,0,2
MAML1,2222,0,2
RHO,2785,0,2
MSX1,2632,0,2
SLC1A3,2696,0,1
SMCO4,1588,0,2
HTR2C,1292,0,2
CSTF3,1146,0,2
TTC9B,1448,0,2
MDH1,2799,0,4
PHAX,1274,0,2
RP11-727A23.11,2943,0,2
KIFAP3,2031,0,2
CCT4,2351,0,2
VPS54,1599,0,2
HECTD3,2685,0,2
ARL5A,2900,0,2
HMGB2,2700,0,2
LOC101928189,2993,0,2
LOC101927131,2945,0,2
ITM2B,2800,0,4
CALHM1,2944,0,2
RAB6B,818,0,2
TPI1,207,0,2
CHST10,2929,0,2
ERBB4,1630,0,2
ZFP92,2017,0,2
MRVI1,2889,0,2
EIF3I,1849,0,2
ANAPC4,1614,0,2
FAM13A,1019,0,2
GNAZ,2970,0,2
CSE1L,761,0,2
VGLL4,1628,0,2
MRPL49,1842,0,2
PPP1R7,2932,0,2
PEA15,2310,0,1
LINC00599,2021,0,2
ANAPC11,2766,0,2
ITPR1,905,0,2
EFNA1,2324,0,2
HIPK3,2564,0,2
KCNJ6,544,0,2
UGP2,2172,0,2
FBXO15,2936,0,2
SERPINA3,2655,0,2
ARHGAP21,998,0,2
DFNA5,562,0,2
C2CD5,2865,0,1
NCAN,2496,0,2
TCERG1L,2322,0,2
GPS2,1448,0,2
CPNE4,947,0,2
MGAT4B,1484,0,2
CAMTA1,905,0,2
ROBO3,1928,0,2
LRRC8A,1999,0,2
SNRPG,2802,0,2
LA16c-83F12.6,2897,0,2
ARCN1,7,0,2
ANP32E,2486,0,2
TBC1D14,2088,0,2
CHSY1,1668,0,2
RANBP2,1313,0,2
FGD5-AS1,2030,0,2
CPNE2,1480,0,2
SS18L2,2867,0,2
ZMAT4,792,0,2
ZNF322,1359,0,2
LOC100288778,2858,0,2
ERP29,2906,0,2
DUT,2955,0,2
RCAN2,2840,0,1
ASH2L,9,0,2
ABCD3,1830,0,2
BC033528,2783,0,2
LOC101930324,2826,0,4
RNF11,2864,0,1
EEF1B2,2029,0,2
RHOU,2889,0,2
VPS35,678,0,2
THAP10,2891,0,2
AF007147,2956,0,2
HUWE1,1508,0,2
HLA-DPA1,2656,0,2
TGOLN2,1779,0,2
REEP3,2734,0,2
IDH3G,1338,0,2
ACTR3B,889,0,2
ALDH8A1,2956,0,2
PTPRF,2808,0,2
STARD4,1357,0,2
AL833181,2962,0,2
SEC23A,1357,0,2
C2CD2,2587,0,2
MRPS6,1597,0,2
NAPEPLD,1283,0,2
IDS,1822,0,2
APOO,2031,0,2
CD3G,2980,0,2
EMC2,1255,0,2
C10orf54,2633,0,2
YJEFN3,1895,0,2
RGS4,1014,0,2
CRBN,1636,0,2
CUL3,7,0,2
HNRNPH3,1228,0,2
FAM168A,2030,0,2
MTDH,1677,0,2
ANKRD6,922,0,2
CDH13,1836,0,2
FAM209A,2980,0,2
EVA1C,918,0,2
COL1A2,2631,0,2
LOC286370,2945,0,2
HNRNPA1,2152,0,1
PLSCR3,2100,0,2
NPIPA1,2372,0,1
SLC38A2,2025,0,2
TMBIM4,2663,0,2
DCAF8L2,2980,0,2
AIDA,2235,0,2
MCAM,2389,0,2
PPIA,2826,0,4
TIMP4,2980,0,2
ASCL1,2913,0,2
KIF3C,1753,0,2
CES4A,487,0,2
PRKCSH,2975,0,2
RP11-53A1.2,2980,0,2
KCNJ2,2989,0,2
CNRIP1,1014,0,2
PAPD7,2970,0,2
LOC101929050,2945,0,2
SRSF8,1146,0,2
RADIL,2897,0,2
RP11-744D14.2,2980,0,2
DICER1,2567,0,2
ATP2B3,2171,0,2
PURG,1458,0,2
MON1A,2847,0,2
ASTN1,1249,0,2
STK35,1586,0,2
PVALB,2825,0,2
SCN2B,734,0,2
SELT,1155,0,2
RPS6KL1,881,0,2
NCEH1,813,0,2
DYNLL1,2826,0,4
LOC100133089,2388,0,2
SCGB2A2,2980,0,2
LINC00115,2897,0,2
ABLIM3,2943,0,2
RPS10,2299,0,1
WTAP,2810,0,2
LINC01093,2980,0,2
TENM4,335,0,2
PSMC5,971,0,2
FAM174A,2608,0,2
CACNA2D3,1258,0,2
PCNXL2,2747,0,2
TUBG2,2711,0,2
CTSF,999,0,2
YTHDF3,2067,0,2
C14orf2,2707,0,1
DNAJB8,2944,0,2
CMSS1,2192,0,2
RAB14,1984,0,2
FBXW4,2297,0,2
CELSR3,344,0,2
APOLD1,2325,0,2
PPP1R9A,2777,0,2
RPL3,1014,0,2
NIPSNAP1,2538,0,2
FAM63A,578,0,2
LKAAEAR1,2873,0,2
DMTF1,2977,0,2
GSTO1,2262,0,2
RPS3,2111,0,2
LOC102724364,1279,0,2
RHPN2,2941,0,2
RP11-24P14.1,2980,0,2
HRAS,705,0,2
ATG4D,1562,0,2
TGFBR3,2887,0,2
ZNF232,681,0,2
NDUFA1,1507,0,2
HEXB,362,0,2
LOC101929880,2788,0,2
HES4,2945,0,2
TFRC,2447,0,2
VCAN,2862,0,2
LONP1,2702,0,2
LARS,189,0,2
ATL1,2707,0,1
LMTK2,792,0,2
GRIP2,1540,0,2
MTUS1,2448,0,2
LOC91548,549,0,2
PRPF19,2916,0,2
TMEM203,2105,0,2
SEH1L,964,0,2
GNAS,2826,0,4
ATP6V0A1,1757,0,2
CD24,1382,0,2
TRIM9,1966,0,2
ST5,918,0,2
LOC286009,2765,0,2
NFE2L1,2359,0,2
RYBP,1913,0,2
CCNL2,1543,0,2
AASDHPPT,2275,0,2
HILS1,2944,0,2
GOLGA7B,1816,0,2
DEFB105A,2945,0,2
LOC101929177,2944,0,2
KRAS,2830,0,2
TXNL1,2434,0,2
AQP1,1621,0,2
RAB9B,1048,0,2
PNISR,1763,0,2
RAB40B,1219,0,2
DMRTC1,2908,0,2
OIP5-AS1,2840,0,1
SYNDIG1,2055,0,2
LOC101929076,2944,0,2
FAM21A,1297,0,2
CPNE5,2270,0,2
MAFB,2700,0,2
MTMR1,1407,0,2
HGH1,1592,0,2
GNPTAB,1411,0,2
MID1IP1,2254,0,2
TCEAL2,2799,0,4
KIAA1244,2061,0,2
SH3RF1,953,0,2
NUCKS1,2410,0,1
CTDSP2,2889,0,2
MIR1292,1679,0,2
DNM1L,2401,0,2
CD99,2862,0,2
SPRNP1,2945,0,2
HDX,2980,0,2
SON,1576,0,2
EFHD2,2757,0,2
FGD1,2943,0,2
RPL14,2309,0,1
EDNRB-AS1,2980,0,2
LOC101927974,2783,0,2
MORN5,2874,0,2
AOAH,2874,0,2
RBAKDN,2980,0,2
ATP13A2,1924,0,2
LOC101928288,2945,0,2
MNT,671,0,2
CCNB1IP1,751,0,2
LOC284219,2254,0,2
CTAGE15,1233,0,2
KIAA1107,2644,0,2
ANG,2785,0,2
CTD-2366F13.2,1593,0,2
UBQLN1,2925,0,2
HSPB1,338,0,2
HNRNPDL,2275,0,2
SNRPD2,2754,0,2
GCC2,2175,0,2
BRD2,233,0,2
ASAH1,2641,0,2
EIF2A,1380,0,2
TTR,2945,0,2
MYL6B,2904,0,2
NKIRAS1,1041,0,2
ZNF788,2785,0,2
STMN4,1958,0,2
LOC286121,2944,0,2
ANKRD20A12P,2875,0,2
DYNLT1,2663,0,2
BCAP31,2916,0,2
DRAM1,2886,0,2
FYN,2668,0,2
SLC24A2,2865,0,1
C11orf72,2897,0,2
BBS2,2325,0,2
PCLO,1552,0,2
OR3A3,2783,0,2
ARRDC2,2591,0,2
PTPRZ1,2696,0,1
LNX1,2716,0,2
MTCH2,670,0,2
SLC2A13,2809,0,2
MIR3917,2177,0,2
EMC4,2694,0,2
CERS1,2859,0,2
EOGT,2885,0,2
CDC42SE2,2287,0,2
LRRTM1,1337,0,2
GABARAPL1,2838,0,4
HSPA2,2116,0,2
LINC00957,449,0,2
GAFA1,2980,0,2
LOC145474,2573,0,2
KPNA3,2082,0,2
KATNB1,1603,0,2
NXPH1,1836,0,2
RHOQ,2898,0,2
NGEF,2704,0,2
SH3KBP1,1606,0,2
BZW2,1843,0,2
B3GAT1,461,0,2
FAM131B,1843,0,2
LOC100131763,2944,0,2
FAM13B,2869,0,2
CAV1,2631,0,2
COA3,738,0,2
BTBD6,2359,0,2
LHFPL4,1312,0,2
LOC101928370,2945,0,2
INPP5E,473,0,2
MIR636,2303,0,2
SORBS1,1749,0,2
GOLGB1,2599,0,2
LRPAP1,2223,0,2
RP3-428L16.2,2395,0,2
NRSN1,1829,0,2
PSD3,2442,0,4
PSAP,2233,0,1
PCDH17,174,0,2
CD164,2614,0,2
DRG1,1545,0,2
ESF1,1818,0,2
CTSH,2168,0,2
PPARGC1A,2405,0,2
BC127192,2980,0,2
MIR6890,2616,0,2
TBCCD1,2937,0,2
OFD1,2920,0,2
IQSEC1,2585,0,2
ZBTB4,2025,0,2
CDH18,2850,0,2
WASF1,2625,0,4
KBTBD6,1967,0,2
AMPD2,1918,0,2
YWHAZ,445,0,2
LOC101929648,2945,0,2
STT3B,2225,0,2
TRIM65,2873,0,2
CTD-3092A11.2,1566,1,2
RSAD1,2872,0,2
LIMCH1,2621,0,2
IL6ST,1896,0,2
MGAT1,2936,0,2
AKR1C3,2939,0,2
FOCAD,978,0,2
ND6,2520,0,6
FRG1,2507,0,2
DGKQ,1332,0,2
NR2E1,2939,0,2
MAP2K1,963,0,2
ATP6V1G1,2830,0,2
NDUFB4,2694,0,2
RPL34,2310,0,1
ROCK2,28,0,2
GPC5,2913,0,2
KIF3B,1452,0,2
ZNF580,517,0,2
SCG2,2124,0,2
BAHD1,2944,0,2
SRSF6,1194,0,2
DEGS1,109,0,2
NDUFAB1,1976,0,2
RASGEF1A,2992,0,2
IFNGR2,37,0,2
CTD-2554C21.3,2943,0,2
HOOK1,834,0,2
FLRT3,2777,0,2
GRSF1,386,0,2
ATP1B1,2882,0,7
UBA3,2165,0,2
ACRC,2182,0,2
ITM2C,2782,0,1
MTMR9,1452,0,2
LIX1,2284,0,2
SPCS3,2772,0,2
NR3C1,2955,0,2
RPL30,2299,0,1
C19orf60,2540,0,2
EIF4EBP2,918,0,2
PSAT1,2116,0,2
ABHD17A,327,0,2
SLC35F1,2571,0,2
TMEM245,1164,0,2
WIF1,2496,0,2
EXTL2,300,0,2
TUBB4B,2370,0,2
COX20,2806,0,2
AF279780,2875,0,2
GJB6,2168,0,2
RP3-507I15.1,2989,0,2
IFNGR1,2681,0,2
LOC101927257,2944,0,2
PAIP2,2968,0,2
CDC42,1772,0,2
SSR2,508,0,2
SLC12A5,2625,0,4
SLC6A1,2993,0,2
EBPL,1593,0,2
GTF2I,2158,0,1
AX747405,2945,0,2
CNEP1R1,1572,0,2
BDNF,1292,0,2
RP3-406A7.7,2070,0,2
VPS36,2483,0,2
NT5C2,1565,0,2
AQP10,2980,0,2
CNBP,2275,0,2
PDK4,2941,0,2
CTSD,2937,0,2
RP11-403P17.4,49,0,2
MFSD6,2515,0,2
PWAR6,2800,0,4
LINC00461,1907,0,2
GSTM3,2796,0,2
DHX15,2502,0,2
FNBP1L,1360,0,2
C1QBP,10,0,2
FMOD,2943,0,2
SGTB,2163,0,2
KLK7,922,0,2
FBXL16,2153,0,1
EPHB6,2704,0,2
MAPK8IP1,2945,0,2
DEFB127,2980,0,2
CAMK1D,2962,0,2
RP13-258O15.1,2958,0,2
BC042855,2785,0,2
MEF2C,1014,0,2
C17orf62,2657,0,2
TNPO2,2740,0,2
RP11-116D17.1,2944,0,2
PPAP2B,2116,0,2
RAB35,2937,0,2
RP11-496I2.2,2980,0,2
METTL23,1997,0,2
PRDX3,776,0,2
HCG22,2944,0,2
GLT1D1,2624,0,2
ARAP2,2565,0,2
PPM1B,2621,0,2
NARFL,1324,0,2
ATP6V0E1,2887,0,2
GOLIM4,2862,0,2
RBFOX1,2840,0,1
SYNE1,69,0,2
GPSM1,2568,0,2
SEC14L5,1567,0,2
JTB,2428,0,2
DHX29,838,0,2
NHP2L1,1602,0,2
C1orf216,1969,0,2
FEZ2,2165,0,2
RUSC1,210,0,2
HPRT1,1781,0,2
CCDC104,2853,0,2
SF3B2,2901,0,2
SLC2A6,2764,0,2
IQCJ-SCHIP1,2707,0,1
RSF1,1635,0,2
RPL23A,2737,0,4
YWHAH,1588,0,2
SLC25A18,2212,0,2
GUK1,2741,0,2
TOPBP1,2216,0,2
ARHGEF3,2869,0,2
CENPQ,2875,0,2
MIR6845,2726,0,2
RASSF2,2448,0,2
FBXO21,900,0,2
PTRH2,1206,0,2
KIAA2022,1035,0,2
FRMD1,2980,0,2
SYN2,928,0,2
KLC2,347,0,2
RPS4XP2,2112,0,2
EID2,756,0,2
TSPYL5,15,0,2
ZC3H13,834,0,2
LOC102724788,2297,0,2
SPATA24,1232,0,2
MAPK3,1303,0,2
FAM162A,738,0,2
PTPRT,1617,0,2
CABLES1,2296,0,2
DCST2,2980,0,2
CXorf65,2980,0,2
IER2,545,0,2
ATP6V1C1,1653,0,2
PIK3C2B,344,0,2
UQCRQ,2198,0,2
VPS52,193,0,2
INPP4A,2997,0,2
DLG5,2714,0,2
CAMK2B,2329,0,2
SLC30A9,2853,0,2
PRDX6,2362,0,2
MBD4,1393,0,2
ID4,2887,0,2
PCDHB1,2875,0,2
SRD5A1,869,0,2
FAM126A,1383,0,2
STARD7,2234,0,1
R3HDM2,1722,0,2
GRIA3,2992,0,2
FAIM2,1987,0,2
SRSF5,2428,0,2
LHPP,2975,0,2
IFITM2,2794,0,2
ATXN2,2118,0,2
LUZP1,1843,0,2
GPR37,1878,0,2
GOT2,1370,0,2
