Gene_ID,Node_ID,Is_AD_Biomarker
FAM41AY1,2705,0
CHCHD10,195,0
PNMA1,2593,0
USP47,1688,0
PAK3,2167,0
MIAT,1273,0
MAP4K4,450,0
PLP1,1199,0
WSB2,2270,0
HIAT1,2625,0
TARDBP,1934,0
NDUFA9,1446,0
KIAA0232,1554,0
XRN1,2636,0
THAP4,1603,0
ARPC5L,2142,0
PSMB7,655,0
GDI1,1556,0
DPF2,2828,0
HSPA4L,2264,0
TMEM200A,135,0
UBE2V2,2429,0
C9orf91,2605,0
ITM2A,2572,0
CNDP1,287,0
NAA38,128,0
PPP1R12A,2625,0
SESN1,1597,0
DPYSL4,2827,0
LAPTM4B,2585,0
RPS20,1550,0
CALB1,2774,0
SLC4A8,2362,0
TAF6,1089,0
HSPH1,1245,0
AK6,2289,0
OPA1,2221,0
GAS6,1292,0
NMD3,235,0
RBM24,2812,0
SECISBP2L,750,0
UBQLN1,2792,0
LOC101060747,478,0
TECR,237,0
EVL,1632,0
LOC339978,2780,0
BTBD3,2260,0
EPRS,2787,0
MYO6,2249,0
SLPI,2823,0
RAB2B,2437,0
LRRTM1,135,0
RGS4,757,0
RHPN2,2674,0
PDK3,2732,0
NKX6-3,2384,0
IPO4,2642,0
15-Sep,2194,0
SOX8,2100,0
TMEM9B,2048,0
FAM171A1,1922,0
CXorf40B,1779,0
LRPAP1,513,0
SLC7A2,2823,0
FEZ1,906,0
UBAP2,1012,0
RP11-118G23.1,2780,0
ZBTB41,1563,0
ACADVL,455,0
PITHD1,1985,0
TST,2779,0
BEX4,499,0
FAM168A,1724,0
NXPH4,2582,0
SEC14L5,547,0
KLHL42,1997,0
RAB5A,1357,0
SAT2,978,0
SLC25A34,2582,0
SLC25A29,2825,0
CYB561,191,0
GPR83,2453,0
PPFIA2,2685,0
OXER1,2670,0
NET1,2823,0
STARD3NL,689,0
MARCKSL1,2100,0
ASCL1,2749,0
CCNB1IP1,2689,0
KCNS1,818,0
ASPHD2,1774,0
STAMBPL1,2098,0
IFITM2,1558,0
NOS1AP,2319,0
HIST1H2AC,2802,0
SRP54,1948,0
PPP1R7,653,0
LOC100506990,781,0
FXR1,1507,0
MYL6B,1155,0
PTRHD1,1725,0
EIF5,2792,0
ARNT2,1556,0
RPL21,1103,0
METTL23,2847,0
STK39,586,0
HP1BP3,1215,0
KCNQ5,2597,0
COPB1,373,0
COPG2IT1,2743,0
TTTY9A,2480,0
DNAJB14,2848,0
LOC728099,2480,0
SLC1A2,1455,0
NEFM,2477,0
FGF14,2556,0
OLFML2B,2478,0
PKM,732,0
TMSB10,2663,0
KLHL3,5,0
ATXN1,1422,0
EIF1AX,2174,0
LOC257152,2705,0
TTLL7,2659,0
TPRG1L,490,0
EMC4,2811,0
LRRC10B,2707,0
CCDC113,2733,0
STARD4,2095,0
GNB2,114,0
NDUFB8,2282,0
KCTD6,1775,0
RAB3A,541,0
SRXN1,2262,0
STEAP2,2687,0
TRMT11,2354,0
GRB14,2842,0
HBA1,2800,0
VSTM2A,2839,0
RPS25,1555,0
HSP90B1,2203,0
RP11-38P22.2,2569,0
RAB4A,2720,0
DYRK1A,2625,0
TAGLN3,2527,0
COX8A,564,0
GUCY1B3,2697,0
EI24,2629,0
LOC101927450,2780,0
FBXW4,2444,0
LOC101060373,2731,0
CPEB1,108,0
ATF4,1579,0
CAMK2A,565,0
ZNF711,2585,0
REEP6,1683,0
BZW1,2284,0
RPL37A,1608,0
SFT2D2,2600,0
JARID2,1758,0
REEP5,2463,0
KCTD16,2755,0
ANKRD29,2847,0
GAS1,2823,0
SLC22A17,119,0
LOC151121,2705,0
CST3,1029,0
SRD5A1,2735,0
HYOU1,347,0
DYNLT3,2374,0
AL022344.5,2780,0
PCYOX1,421,0
C10orf54,2534,0
LOC101928061,2721,0
FARP1,413,0
STAT1,2847,0
GLIS2,1365,0
C12orf29,2046,0
LOC101928370,2780,0
LINGO2,671,0
PAFAH1B1,2166,0
TM2D2,2411,0
ITGAE,2730,0
HSP90AB1,2639,0
FARSB,2843,0
WWC3,2444,0
RAP2B,2251,0
C16orf78,2781,0
ANKRD20A12P,2781,0
MRPL47,1016,0
TGFBR3,2569,0
RP11-389G6.3,2016,0
SNHG8,2750,0
PIP4K2A,287,0
CELF1,1704,0
PPID,1803,0
LOC102724788,2802,0
CHMP2A,2334,0
ESF1,1172,0
MLEC,1066,0
APOE,2578,0
PPIG,1172,0
WIPF3,2716,0
EPS8L3,2705,0
LOC93622,1894,0
TMEM205,179,0
C19orf70,103,0
COASY,16,0
GRIP2,2534,0
DTX4,1620,0
PINK1,1973,0
BRD2,1163,0
KPNA3,596,0
CCAR1,1058,0
RSRC2,1723,0
TECPR1,99,0
RPUSD3,164,0
LETMD1,2586,0
ATCAY,2784,0
PHRF1,2384,0
RPS6,1164,0
GOLPH3,2139,0
NFIL3,1646,0
DQ592442,1506,0
HERPUD1,1112,0
SRP68,1545,0
CXCL14,2232,0
UBL5,2697,0
L1CAM,1355,0
SACM1L,2167,0
ACTR3,2380,0
ARRDC4,2665,0
TRIM4,1267,0
CIRH1A,156,0
PCDHA1,671,0
OFD1,252,0
ILDR2,2708,0
AKAP12,1661,0
SMC5-AS1,2781,0
RPS11,1754,0
TMEM178A,2538,0
C2orf80,865,0
ANKS1B,2537,0
ATP1A1,2542,0
HSD11B1,2546,0
STMN2,2477,0
DENR,2729,0
MTCH1,2663,0
TIMM23,435,0
KIZ,543,0
KIAA0430,2394,0
PLCB1,999,0
NUAK1,2042,0
LYSMD3,2267,0
CWC27,1172,0
GPI,490,0
CBX7,1595,0
ZFAND6,2139,0
C2CD5,999,0
MCAM,2823,0
C11orf72,2705,0
RAB39B,2754,0
BHMT,2560,0
RBAK,2353,0
CHGB,2260,1
LOC100288778,2178,0
STRBP,2740,0
WWC2,2780,0
IFI27L1,1991,0
SIDT2,1888,0
FAM169A,2391,0
TMOD1,2087,0
CRIM1,290,0
XIST,804,0
A4GNT,2706,0
NICN1,36,0
AGTPBP1,2613,0
LOC286370,2780,0
RUNDC3A,2784,0
ABHD10,1802,0
EMILIN3,2708,0
RPL10A,2023,0
TRIM33,1785,0
EPM2AIP1,551,0
CBX5,402,0
GTF2I,1414,0
ANAPC16,884,0
COX7A2P2,1035,0
RGCC,2100,0
FKBP1B,2808,0
BTBD6,994,0
MRVI1,2410,0
ARGLU1,2111,0
RPL23AP32,975,0
UHRF2,2787,0
FAM226A,2506,0
SRSF7,304,0
NIT2,2395,0
MAP9,2585,0
CBLN4,2656,0
CEP170B,224,0
RPS17,1647,0
CLIP3,1078,0
RICTOR,1873,0
SNW1,543,0
TCEAL4,2373,0
PRR18,303,0
TMEM60,2842,0
ARMCX3,1425,0
EPB41L2,869,0
AX747652,2546,0
YTHDF2,2792,0
LOC401320,2705,0
APOD,450,0
GRAMD1B,353,0
AASDHPPT,2658,0
MUM1,753,0
ZFP36,2748,0
WAC,1358,0
FBXO33,2740,0
LOC100289361,2559,0
ATG4C,2124,0
LOC158960,1365,0
GTF2H2B,2708,0
CSRP1,1071,0
BAZ2B,230,0
NUPR1,2670,0
UGP2,736,0
ZNF280B,2754,0
DGCR2,677,0
FBXL16,2010,0
SPCS1,652,0
SH3YL1,2824,0
NGFR,2780,0
FXYD1,237,0
AC007680.2,2705,0
GOLGA8N,1363,0
CHL1,1586,0
MKL2,2024,0
TSPAN3,2817,0
LOC100507291,2780,0
RP11-339B21.15,2524,0
RIT2,2509,0
RNU86,1937,0
ASH2L,2817,0
MAPRE1,1478,0
ZNHIT3,2496,0
IPO13,187,0
ABI2,698,0
NUDT3,280,0
AQP10,2781,0
STXBP1,2663,0
PSMD4,1915,0
PLEKHA5,2425,0
NPM2,276,0
CCSAP,2476,0
MFSD4,1381,0
TBCB,429,0
ZFAND2A,2532,0
DMXL1,2253,0
NKTR,2809,0
CUEDC2,1159,0
ZNRF3,2060,0
MYO1C,2534,0
EGFLAM-AS4,2781,0
SLC10A3,2781,0
BC022047,2793,0
STOM,2578,0
RNF128,1812,0
NECAB3,1885,0
9-Sep,805,0
PNRC2,1581,0
TSHZ3,2161,0
NGFRAP1,2682,0
ND2,2079,0
TRPC1,2709,0
RUNX1T1,2788,0
CELF2,1616,0
LOC101060321,1816,0
BDP1,2835,0
BLNK,2384,0
TGOLN2,2704,0
PABPN1,1633,0
APBB3,2168,0
ANKRD36C,2705,0
CNTNAP2,2790,0
SHISA4,2670,0
RPL6,2373,0
LOC101928205,2480,0
MPHOSPH8,1405,0
NOP58,2122,0
REPS2,2590,0
MPC2,2733,0
XYLT1,2789,0
RFPL1S,2734,0
TAF7,2471,0
ZBTB44,1668,0
HNRNPA0,2792,0
CETN2,2638,0
LCN15,2705,0
GABRA4,2290,0
RNF182,2530,0
HNRNPH2,2194,0
RAB10,1616,0
PAX6,2779,0
DPCD,156,0
RNF139,2846,0
FAM32A,31,0
PTPRN2,1342,0
BC045805,2749,0
ANO5,2605,0
ANKRD34A,140,0
EML6,2398,0
PTPRK,2731,0
PLCXD2,2754,0
VAV3,2708,0
HDDC2,2818,0
ECHDC2,2446,0
LOC101927651,2705,0
CTBP1,2588,0
BCLAF1,2815,0
CTC-459F4.3,169,0
EXOC3L2,1267,0
PLCG1,1765,0
CEP85L,1397,0
CACNG3,1433,0
BEX1,2820,0
MCC,2802,0
BSN,437,0
RPS14,291,0
JAZF1,2291,0
RP11-391M1.4,1991,0
LOC441461,286,0
C3orf70,1990,0
ALDH2,1040,0
CDH2,677,0
ACTR6,2798,0
APOPT1,238,0
SPATA2L,214,0
NIFK-AS1,2708,0
RHOT1,2026,0
P2RY14,2749,0
MED25,237,0
ATP9A,2527,0
OR7E104P,592,0
ENO1,181,0
GAD1,1964,0
CHERP,1507,0
AC068138.1,2705,0
FAM210B,1314,0
ZNF770,2119,0
LOC284219,2446,0
IPW,2830,0
GSTM2,1365,0
DNAJC25,2828,0
DYNC1LI2,1412,0
TOMM20,710,0
SAT1,1104,0
PELI1,2707,0
ANKS1A,1724,0
S100B,2779,0
PSMG3,2771,0
MINK1,197,0
PCDHGA1,584,0
UBA52,2110,0
MON1A,2534,0
ZDHHC6,2428,0
ZNF146,1919,0
SLC24A2,999,0
CD24,2775,0
EVI2A,1667,0
CCL20,2780,0
RPS23P6,2781,0
POP7,2271,0
KPNB1,1520,0
CTB-12A17.3,898,0
POLR2K,2769,0
EPC2,2815,0
ARHGAP32,416,0
CASKIN1,1012,0
NAGPA,54,0
PABPC1,852,0
PRICKLE2,1547,0
LOC100289019,2810,0
LOC101929087,2632,0
LAPTM4A,1051,0
RAB13,1558,0
PRRC2C,1049,0
TRUB2,2128,0
CTBP1-AS2,2384,0
MRPL18,2207,0
MYO10,2825,0
MRPS21,757,0
TCF25,361,0
ELMOD1,2298,0
WFDC10B,2780,0
APLP1,1119,0
LPP,1633,0
HES6,2446,0
KCNC1,2148,0
ARHGAP5,1932,0
MOXD1,2382,0
CBX6,632,0
CAPN3,2549,0
EIF5B,1277,0
PNMA6A,62,0
SEC62,1363,0
BRD4,276,0
MT1X,847,0
EPB41L3,2658,0
RPS4X,1708,0
CSRP2,2752,0
ADIRF,2823,0
EIF3L,1959,0
TENM1,2169,0
TOMM34,2775,0
SLC25A16,238,0
COPS8,2221,0
LOC101930415,592,0
PLSCR3,202,0
PLEKHH1,592,0
TTC14,1069,0
BLOC1S5-TXNDC5,603,0
SCN4B,1452,0
CALML6,2781,0
GOT1,1222,0
ATP6V1A,2580,0
C2orf69,1996,0
DBNDD2,809,0
NGEF,2242,0
SEMA5A,2603,0
HERC2P2,1235,0
CPT1C,54,0
PPP2R2C,399,0
FAM134C,409,0
CHST5,2560,0
PPP1CC,1602,0
SERPINF1,2657,0
LINC00623,41,0
UBP1,2215,0
STOX2,698,0
PITPNA,723,0
GABRB3,765,0
SPSB3,484,0
TEX2,2403,0
KCNT2,2812,0
CYP51A1,2528,0
TIMM21,2816,0
PRPF8,150,0
MIR7114,347,0
PPP1R21,2740,0
SH3BP5,2215,0
C1orf61,776,0
NME1-NME2,1155,0
SYNDIG1,486,0
NAPB,2477,0
LOC100132735,2780,0
SLC38A2,1235,0
FZD10,2705,0
C10orf35,1573,0
CNTRL,2642,0
CACNA2D1,2111,0
C2orf61,2781,0
MYO15A,2582,0
RNF175,2146,0
KDM2A,1704,0
PSMD2,1739,0
MRFAP1L1,1904,0
SLC5A3,1581,0
SNRPA1,2816,0
ANAPC11,160,0
ARL6IP4,1876,0
HIST1H2BK,1267,0
FKBP9,2119,0
SLC48A1,221,0
MGAT4B,2788,0
NRXN2,1118,0
SEC23A,2846,0
TAAR2,2780,0
LOC654780,2801,0
WASIR1,2708,0
NDUFA4,2743,0
RASGRF2,2793,0
PTCHD1,2459,0
CHMP5,1624,0
MICU1,65,0
CEP350,1202,0
NCALD,2732,0
NT5C1B-RDH14,2605,0
TXNL4B,2642,0
MAGED4,53,0
C1orf52,2135,0
STX5,2559,0
STRAP,1762,0
ZNF16,2670,0
FRMPD4,2574,0
DPM1,1586,0
BC039485,2801,0
GPRASP1,2542,0
PHPT1,142,0
RAB24,2688,0
PALM,842,0
WDR82,1955,0
RTN2,265,0
LOC253573,2780,0
GRAMD1C,2569,0
LOC102724229,2708,0
ARNTL,1646,0
TEX13B,2706,0
BTBD10,1761,0
JUN,2721,0
DQ592230,2716,0
R3HDM1,963,0
PGAM1,2513,0
CBWD1,2816,0
KIAA1549L,2146,0
MIR1244-3,2459,0
S100A9,2781,0
ZNF611,1583,0
RPS9,704,0
PTMA,941,0
CSNK1G2,227,0
AMOTL2,1750,0
UBL3,2543,0
FAM45A,1929,0
NISCH,2010,0
AGPAT4,2362,0
RPSA,1708,0
MAPKBP1,209,0
RORA,1793,0
BCL6,1559,0
SEMA3F,2749,0
MAN2A1,2721,0
C1orf122,761,0
LINGO1,1355,0
EIF3F,6,0
AQP4,1649,0
SET,397,0
MYADM,2592,0
TENM4,1789,0
MZF1,1456,0
TIMP2,476,0
CSDE1,608,0
S100A2,2706,0
EFNA1,2748,0
ZMIZ2,1163,0
ZNF703,1365,0
RP3-507I15.1,2459,0
TBC1D10B,1365,0
CYR61,2823,0
LOC101926951,2775,0
SPARC,728,0
CHCHD7,2846,0
LOC101927057,1572,0
LPL,2332,0
PTK2,2728,0
LOC101060275,1404,0
C7orf63,2384,0
FAM222A,2801,0
ATPAF1,2447,0
NDUFS7,732,0
B3GAT1,2765,0
NR1H3,2705,0
USMG5,2663,0
HNRNPDL,2658,0
AGXT2,2781,0
AK3,2419,0
MUT,304,0
NR4A2,2252,0
AGPAT9,2797,0
RAB40B,2573,0
PLK2,2773,0
MRPL49,333,0
STT3B,1775,0
RAPGEF2,1600,0
PSMA7,2394,0
LPAR1,384,0
ASMTL,156,0
VEGFA,2749,0
BLCAP,2580,0
CPNE4,2485,0
SNAPC5,2412,0
FRY,2795,0
HMGB2,1793,0
KCTD12,2766,0
RYR2,1120,0
AHNAK,2319,0
ABI1,2684,0
SEC31A,381,0
C1QTNF4,1433,0
TBCE,2354,0
FAM160B1,872,0
MOB1B,2047,0
SNX27,347,0
NDUFS6,714,0
SHOC2,2131,0
RBM6,1969,0
IMPDH2,653,0
BPGM,2567,0
SNRNP27,2646,0
PACSIN2,409,0
RSBN1,1991,0
AMIGO1,74,0
SLC4A1AP,2411,0
TRAPPC12,182,0
RNMT,1949,0
DSTN,2527,0
PNMAL2,1851,0
ADAM7,2780,0
SMAP2,1855,0
RPL26L1,2021,0
KIF5C,2041,0
MAGED1,2541,0
NHLH2,2633,0
NDUFAF2,2437,0
GMPPA,2642,0
PRPF19,1155,0
Y16709,1579,0
C2CD2,144,0
BCL11B,2707,0
RNF4,977,0
UNC5A,2672,0
DYNLT1,72,0
HSD17B12,2057,0
TERF2IP,2580,0
SMAD1,2507,0
VAT1L,2841,0
SON,1564,0
SHANK2,1873,0
RP11-96K19.4,2705,0
MAN1C1,1891,0
PLCD1,2748,0
ODF3L2,2705,0
ZHX1,2722,0
KB-1836B5.1,2705,0
ICE1,2212,0
NPDC1,128,0
SH3GL3,1901,0
P2RX7,2225,0
HMGN2,569,0
ATP2B3,2437,0
AK025288,2788,0
NOL11,2612,0
MATR3,2024,0
ZNF195,2809,0
ADIRF-AS1,2384,0
SORT1,2074,0
TIPRL,1507,0
MKNK2,1162,0
LOC101929880,2278,0
RPS11P1,2781,0
ZMYND11,279,0
RGL1,1839,0
RP11-27I1.6,2705,0
GNB5,127,0
GAP43,562,0
PABPC3,1888,0
ACTA2,2823,0
USP9X,1706,0
C8orf22,2705,0
TARBP1,2228,0
LINC00567,2780,0
TNRC6A,1668,0
FAM131B,304,0
FAM89B,266,0
EIF3H,1430,0
PTPRN,942,0
CSGALNACT2,2498,0
BC033323,2705,0
PCLO,944,0
VOPP1,736,0
ACVR1C,2036,0
KSR2,38,0
DQ597730,2608,0
LOC101927166,315,0
AKR1C2,1682,0
FGF9,2834,0
C6orf211,2709,0
MORC3,2835,0
BAI2,108,0
CLIP2,2628,0
KLHL21,1408,0
RASEF,1147,0
EEF1DP5,2384,0
SERPINE2,2185,0
TSPYL2,504,0
IDH3B,1986,0
HSPE1-MOB4,2709,0
AUH,2221,0
LOC340085,1187,0
SCD5,205,0
TGFB1I1,2823,0
MTFR1L,2394,0
MFSD1,2403,0
CNIH1,1813,0
TSPAN18,2603,0
LOC100129447,2158,0
NEUROD1,2037,0
RPL15,2541,0
MAP1B,2663,0
LIN7C,1564,0
ELFN1,2642,0
DAAM1,904,0
PAPLN,2823,0
TNS1,2800,0
DOCK4,2462,0
TMBIM6,855,0
NLN,315,0
ADO,2815,0
HLF,2839,0
USP32,2755,0
SPP1,337,0
C17orf49,1024,0
MTDH,2740,0
HLA-E,2800,0
WDR11,903,0
USP16,1991,0
ZNF462,2158,0
CAMK2N1,1922,0
KITLG,2244,0
GRSF1,2219,0
CCDC25,2750,0
SYTL2,2747,0
LYRM1,2219,0
WASH1,1912,0
MYO5A,2431,0
SLCO1C1,1478,0
SMDT1,1734,0
GTF2H3,1583,0
RP11-521D12.1,2384,0
FAM101B,2225,0
GRIA3,1623,0
ND6,1276,0
ZNF664,1781,0
LRRTM2,1142,0
CNTNAP1,1355,0
RP11-646J21.6,2478,0
LRP4,2187,0
BIN1,53,0
CA10,1574,0
MIR4647,1365,0
COPS4,1948,0
VAMP3,2458,0
MROH7-TTC4,1371,0
TJP1,927,0
NCOA6,868,0
ATP6V1B2,499,0
DHX29,2417,0
HSD17B4,487,0
PDIA6,236,0
MKKS,2531,0
ETNPPL,940,0
RAB37,2608,0
RNF145,2368,0
CEND1,2359,0
ABCG4,266,0
FOXC1,2800,0
MCTP1,2135,0
ANG,2781,0
PUF60,53,0
MARS,137,0
PTPRZ1,1200,0
TMED8,1358,0
HEXB,1572,0
ADD3,1070,0
OR13C4,2780,0
CTC-203F4.2,2384,0
SKP1,2694,0
PJA2,430,0
EIF4A3,1948,0
PSMD11,2412,0
PAMR1,2779,0
LNX1,416,0
ZNF804A,1812,0
SLC32A1,2393,0
DAAM2,1612,0
TDG,2253,0
BRINP2,2843,0
DNER,1814,0
MT1G,450,0
NDFIP2,2818,0
DDX5,1940,0
NDUFA8,623,0
LOC100133089,2749,0
SOCS7,1250,0
C11orf68,985,0
EMC2,2722,0
PC,2608,0
AK055981,894,0
CDH20,2780,0
LOC100289058,2705,0
C15orf61,1098,0
DPY19L2P2,2585,0
FLRT3,1263,0
GOLT1B,2476,0
EBNA1BP2,2793,0
RP11-320N7.2,2780,0
MPRIP,309,0
RP11-121C2.2,2354,0
HNRNPA1P31,2780,0
DOCK10,2603,0
FOXJ3,2212,0
C1orf43,2220,0
MRPL20,2816,0
PRRT3,2359,0
SCO2,237,0
C12orf10,785,0
DYNC1I2,2084,0
PIK3R1,907,0
CARD11,2706,0
MGLL,751,0
NUDT19,2498,0
SIPA1L2,2256,0
C1QBP,2412,0
MEST,1913,0
MIR612,1559,0
IGSF11,2763,0
LIF,2706,0
RAB3C,2618,0
RAB26,2716,0
RP11-73M18.8,2749,0
ARMC1,2815,0
GPR19,118,0
SLC25A12,2792,0
TRAPPC8,369,0
FAM127A,2457,0
AGPAT5,2218,0
UQCRC1,564,0
LINC00632,824,0
ETS2,2098,0
XPO6,1378,0
TUBA1A,2683,0
ERC2,987,0
KDM2B,19,0
RPS6KL1,154,0
SCRIB,252,0
MDH1,2594,0
SLC25A14,2452,0
DHX32,144,0
ACADM,2487,0
NDUFC1,2806,0
LINC00086,2632,0
DYNLRB1,863,0
IDI1,2280,0
HK1,2456,0
NCEH1,2590,0
RPL13A,1647,0
MIR1292,54,0
TMEM230,1972,0
KLHL24,2003,0
FAM91A1,2823,0
GTF2H4,2705,0
CANX,397,0
PPT1,710,0
SEPT7P2,2810,0
CRMP1,2639,0
RNF103,2786,0
TBC1D24,2728,0
ESRP2,2705,0
NSUN2,2507,0
IFT80,2816,0
EIF4B,1252,0
TRA2A,210,0
PDXP,645,0
ADH4,2382,0
HAUS2,1583,0
RAPGEF4,2482,0
LOC91548,1089,0
ANKRD46,2189,0
HSD17B7,255,0
FOXQ1,2802,0
MYBPC1,2410,0
CAMTA2,964,0
C2orf81,2670,0
DNM3,2732,0
LINC01061,1583,0
PDDC1,2601,0
ZNF302,370,0
ANKRD27,1644,0
TSG101,2638,0
SOX2-OT,840,0
RAC1,2541,0
CDC123,1055,0
AURKAIP1,182,0
RPS28,1229,0
UBE2QL1,2407,0
TAC1,2717,0
SLIRP,2793,0
NDUFB11,1024,0
KLHL12,2774,0
RPRD1A,1176,0
MAGEH1,476,0
ENTPD6,85,0
PRR24,215,0
KDM5D,2761,0
AJAP1,2810,0
RBX1,2818,0
PPP1R16B,2832,0
B3GNT1,841,0
CHURC1,2733,0
KAZN,1945,0
GTF3A,2032,0
SLC1A3,1226,0
NRSN1,2741,0
GGH,2703,0
CENPQ,2561,0
CPNE5,2627,0
OVCH1-AS1,2480,0
ITM2B,2155,0
PPP1R27,2382,0
GPR155,2819,0
SYT4,2541,0
VPS13C,1643,0
PRMT8,2702,0
NDUFB4,1342,0
RBMXL1,1267,0
MAPK1IP1L,279,0
ZMAT3,2815,0
TEX38,2780,0
FAM216A,2733,0
PDXK,260,0
CTNNA2,823,0
RGS7BP,745,0
CABP7,2633,0
INA,2542,0
LAMP2,2065,0
ENOPH1,1123,0
ANKRD17,400,0
UBR1,2107,0
EPDR1,594,0
NOV,2823,0
TBC1D9,1319,0
TMEM50A,2464,0
CDC40,2685,0
HIBCH,2119,0
KCTD4,2037,0
TMEM14A,754,0
NBEA,1021,0
ZNF90,2780,0
EPHB6,1982,0
SOD1,2477,0
LINC00343,2780,0
CAMKK1,2517,0
SLC35E2,1520,0
GNAQ,1374,0
ANKRD13A,2225,0
DUOXA2,2479,0
CMSS1,2847,0
MIR943,2810,0
LCOR,2507,0
ATP6V0A1,137,0
EMC7,2531,0
JPH1,12,0
GABRG2,638,0
ALDOA,2743,0
ENGASE,201,0
RP11-999E24.3,2671,0
FAM21A,1533,0
CCDC140,2781,0
FBXO2,2549,0
DNAJC1,1198,0
FUT9,2704,0
TOMM70A,594,0
SPIRE1,1160,0
IER2,1476,0
RGS2,2697,0
TMEM65,2734,0
MEA1,1312,0
CAMK2D,765,0
LOC100996740,1007,0
PAN3,677,0
OPTN,2686,0
ARF5,2567,0
LRFN5,503,0
UFC1,2686,0
CDIPT,2198,0
LMBRD1,2334,0
GADD45B,2674,0
NSG1,408,0
GABRA2,2724,0
LOC102724364,2581,0
TRBV7-3,2781,0
LINC00094,97,0
CNTN1,2135,0
CXorf65,2780,0
CCT8,1123,0
MKNK1,2596,0
PIGY,2798,0
HDHD2,919,0
KBTBD11,2235,0
TESK1,1216,0
ZBTB18,1955,0
BTBD1,2167,0
CLK4,1941,0
CHIC1,2844,0
UGT8,2749,0
IQCJ-SCHIP1,2374,0
ANKRD20A1,2178,0
MAMSTR,2582,0
LBR,2762,0
XPA,2786,0
ATP8A2,2521,0
GDPD1,2703,0
LINC00844,2459,0
HSCB,2546,0
DBT,315,0
PSMD1,2639,0
RPS18,1703,0
NDUFS3,1986,0
EIF3C,490,0
SLC35F1,1270,0
SERPINB6,2749,0
ATP5G3,1521,0
PPM1A,2753,0
PTP4A2,854,0
KCNAB1,2036,0
LOC440934,2717,0
IFNGR2,81,0
VIM,2800,0
IK,2771,0
RNF220,62,0
NDUFB9,754,0
KRTAP5-9,2781,0
VPS28,321,0
CALHM1,2801,0
CYFIP1,1242,0
RAB11FIP3,806,0
CD3G,2780,0
ARHGAP10,2642,0
HEG1,2708,0
NCK2,1723,0
LRRK2,2703,0
METTL7A,2551,0
SRGAP2C,292,0
ACYP2,2289,0
ZNF232,1980,0
BNIP3,1958,0
MPC1,771,0
CHCHD2,531,0
EXOSC6,2814,0
CDH13,2703,0
7-Sep,1283,0
PPFIA3,1456,0
MLYCD,2478,0
LOC100128185,2705,0
NEFL,2710,0
NDUFB10,655,0
STARD7,1493,0
CCT2,2686,0
EIF4A1,977,0
NDUFB5,1234,0
PCOLCE-AS1,2582,0
TRHDE,2485,0
MAP7D1,1604,0
HCFC1R1,237,0
CRTAC1,2807,0
TMEM123,2569,0
IMPDH1,376,0
RPL23A,1708,0
EGR3,2568,0
GTF2E2,2567,0
MYO1D,2780,0
GCSH,2179,0
PLEKHA1,907,0
UBC,2594,0
MBP,384,0
PWP1,2050,0
FAM19A1,1484,0
STAM,2597,0
RPL9,1708,0
ANXA11,1789,0
SCN3A,2111,0
HOOK1,2724,0
PFDN2,2166,0
NARS,2710,0
ZMIZ1-AS1,2706,0
RASL10A,126,0
LOC101929164,2705,0
FAM161B,1359,0
CCDC88A,2809,0
LOC101928231,2780,0
CDK17,845,0
TBK1,2817,0
DEFB127,2781,0
AEBP1,2670,0
UBXN4,2031,0
RPL37,1532,0
IFRD1,2047,0
MYRFL,2781,0
TCEAL1,2598,0
PKIG,320,0
LAMP1,1492,0
PPP2CA,2610,0
CACNG8,2251,0
NIPAL2,1820,0
MYO9A,2592,0
CD59,2762,0
CDK14,231,0
SLC7A1,542,0
GGA1,643,0
RP11-124L9.5,2546,0
LOC728061,2158,0
JOSD1,1983,0
AF086154,2561,0
PRKAR1A,1332,0
PEF1,2131,0
PHYH,2585,0
RTN3,2541,0
RSL24D1,2598,0
SLC44A1,2571,0
ITGAV,2185,0
H2AFY,1797,0
RWDD4,2507,0
BDNF,2603,0
RANBP2,2816,0
PRKCA,2716,0
TPD52L1,2551,0
DOK5,143,0
RP11-466P24.7,2797,0
ENHO,2749,0
RPS19BP1,10,0
HERC2,2755,0
RCN2,2598,0
FLJ11710,2480,0
FAM49B,1542,0
ERRFI1,1722,0
CCNDBP1,2289,0
FAM189A2,1612,0
UCHL1,733,0
RP11-981G7.6,2354,0
ANK3,1940,0
GPR20,2781,0
TBL1XR1,1176,0
ROCK2,38,0
FAM177A1,2442,0
CMTM4,369,0
EXOC1,2698,0
ISCU,2593,0
PARP1,2293,0
UIMC1,1638,0
HECTD3,824,0
ARHGEF3,1554,0
ASAH1,397,0
CSTB,90,0
HPCA,434,0
ROGDI,199,0
SLC2A6,2250,0
RP4-758J24.5,2496,0
RP11-744D14.2,2780,0
PHF13,2365,0
NME7,2541,0
AC068039.4,2705,0
SORCS2,2779,0
UBQLN4,2126,0
TAX1BP1,608,0
ECHS1,529,0
ENC1,2743,0
NSA2,2793,0
THAP10,2565,0
C8orf60,2382,0
ATP2B1,999,0
NDRG3,2686,0
SP6,2781,0
HIF1A,1955,0
TALDO1,657,0
ATF7IP,315,0
PELI3,62,0
KLHL15,2795,0
PSMB6,1744,0
ORC3,2395,0
FBXO11,543,0
LOC285147,1204,0
GDI2,1973,0
MRPL32,2698,0
NDRG2,2258,0
HBB,2800,0
IER3IP1,2297,0
TERF1,172,0
PRKCB,566,0
IFNA10,2480,0
RPS6KA2,2460,0
LOC101929740,2810,0
PTPN11,2704,0
ACAA1,1584,0
DNM1L,475,0
PTH2,2670,0
LINC00629,2560,0
COMMD1,2395,0
SIRT2,683,0
IFT88,1633,0
FAM122B,2487,0
MDM1,2608,0
EIF2S1,2307,0
CHD5,1061,0
ANAPC4,1047,0
NIF3L1,2703,0
LOC102724884,2013,0
TANC2,2795,0
PAQR8,968,0
RPL14,1641,0
MAGED2,1983,0
LOC101928343,2781,0
LDLRAD3,1478,0
ZNF84,1422,0
TESPA1,2657,0
RLIM,1983,0
CAMK2B,2662,0
KIFAP3,2732,0
SLC2A1,2748,0
RP11-97C16.1,2729,0
NKIRAS1,2221,0
ADAP1,1571,0
TBCCD1,2642,0
RALA,678,0
PMP22,2578,0
ADIPOR2,336,0
COMMD9,159,0
NT5C3B,673,0
HDAC1,2799,0
TMA7,2295,0
GCA,2846,0
CFH,2823,0
N4BP1,2519,0
KRTCAP2,171,0
ARHGAP21,2199,0
PTPLAD1,2255,0
PAPSS1,2166,0
NSUN5,1816,0
FDFT1,1958,0
RP11-199F11.2,2382,0
MRPL3,1234,0
HS3ST2,2493,0
MAP4,838,0
LOC100288798,2781,0
YY1,1596,0
ARPC2,2671,0
LOC100289097,2590,0
MTRR,1422,0
EID1,2658,0
HPCAL4,74,0
SMYD2,2797,0
LOC283070,2030,0
ADRBK2,1438,0
RPL3,2542,0
DNAJC6,2580,0
RBFOX2,415,0
MLIP,1433,0
LOC100507562,2705,0
CORO1A,1433,0
AGPAT3,781,0
SPAG9,2140,0
ATRNL1,2590,0
TIAM1,817,0
CLSTN1,2373,0
SCAMP3,590,0
BRMS1,2582,0
CPNE6,135,0
RP11-315F22.1,2781,0
UNG,2779,0
BZRAP1,2788,0
CCT6A,1872,0
BC127192,2781,0
OGT,1251,0
FOXO6,286,0
MGAT5,2423,0
BMS1,2045,0
FAM63A,255,0
MAPK9,2793,0
AK4,2530,0
IDH3G,731,0
MICAL2,2122,0
UBE2R2,2229,0
RUSC2,985,0
OSBPL8,486,0
PLS3,2179,0
CDH18,1973,0
PDCL3,2608,0
FBXO9,2786,0
ACTN1,1897,0
FRMPD2,1433,0
AOAH,2384,0
PRDX6,918,0
APEX1,1055,0
VPS16,705,0
KANK1,2802,0
LINC00294,2286,0
KIF20B,2478,0
RPL24,1959,0
ATP6V0E2,2541,0
IFFO1,81,0
NUCKS1,1345,0
LOC340340,2705,0
DPP10-AS1,2429,0
IPCEF1,2041,0
CCZ1,2536,0
SLTM,1564,0
GPR56,2569,0
ASH1L,1327,0
NDUFA3,2671,0
C17orf62,683,0
SOX10,286,0
CELSR2,2501,0
NAA10,204,0
HNRNPA3,1358,0
PCNP,1803,0
SERTM1,1962,0
PSMA1,1234,0
JAKMIP3,1733,0
SBDS,18,0
ATP5L,1234,0
LINC01105,285,0
TIMMDC1,1973,0
SPTAN1,1007,0
GOSR1,2015,0
EFHD1,920,0
CD47,816,0
SNRNP25,1973,0
MORN5,2479,0
RAD23B,2818,0
PGK1,2280,0
CEBPD,2800,0
TSPAN5,566,0
JKAMP,2846,0
TTC3,2010,0
FAM19A2,2585,0
SNAP25,2711,0
ND3,2079,0
ITPKA,1014,0
LINC00621,2625,0
DCXR,1014,0
WBP1L,1064,0
GRIN2A,1246,0
PARP2,2171,0
TNFRSF13B,2801,0
RDH11,2817,0
RP3-428L16.2,118,0
RASGEF1A,1625,0
ATP5I,1840,0
MT1H,847,0
PNPLA8,1575,0
RNPC3,2049,0
FCN3,2706,0
KRT10,2720,0
KIAA1107,818,0
RP11-753A21.2,2480,0
XPO1,1251,0
IFNA2,2780,0
KLC1,1721,0
IAH1,1503,0
LINC00888,2814,0
CHCHD1,2496,0
SART1,2787,0
NAPG,2194,0
SPRNP1,2706,0
LOC100288310,2703,0
DCTN3,564,0
SETD1B,1705,0
FHL1,1498,0
SF3B5,1995,0
SLC24A4,1793,0
ZFP92,286,0
CSMD3,2813,0
LCLAT1,2625,0
EIF4G3,2744,0
RUSC1,1007,0
FEM1B,1803,0
CREG2,1059,0
HAUS3,2708,0
ZNF623,2498,0
AMER2,1179,0
PCSK1N,434,0
RNF111,1429,0
RBFOX1,2542,0
ARHGAP36,2603,0
FGF13,2538,0
BC045789,2480,0
UPF2,2416,0
CPLX2,1107,0
HMBOX1,2458,0
PNPLA6,2828,0
RND1,2681,0
SLK,1379,0
SERINC1,2593,0
GABRG1,2779,0
KCNIP4,2793,0
PANK1,1779,0
C14orf2,2541,0
CHMP3,1540,0
CCNI,818,0
PPIL3,2787,0
LOC101927257,2705,0
RP11-138A9.1,706,0
YPEL4,2689,0
PCDHGA4,2446,0
NACC2,1558,0
2-Sep,834,0
FAM131A,65,0
LOC100127940,2780,0
GPR88,135,0
ZCCHC8,2506,0
BGN,2823,0
BRI3BP,2787,0
TCEB1,2792,0
APOA1BP,786,0
CD83,2638,0
SEPW1,1819,0
CCT6P1,2761,0
LUC7L3,1229,0
OLFM1,2269,0
CHST11,2708,0
UNC13B,2442,0
NT5C3A,1509,0
CTTNBP2,1603,0
SGTB,1097,0
HSPB8,1931,0
SYNPR,2260,0
TOX2,2797,0
SNX18,2802,0
ELAVL4,610,0
ACTL6B,732,0
MIR4691,272,0
TVP23A,1365,0
BMPR1B,2746,0
MPPED2,1715,0
NDUFA6,1357,0
COX1,2079,0
TRIM44,2787,0
ALDH6A1,2410,0
KSR1,2446,0
ADAM10,2274,0
GNA12,2388,0
FAM96B,1155,0
IFIT1,2509,0
SLC25A2,2706,0
WASL,844,0
HEY1,1698,0
CYFIP2,2541,0
CASC4,1679,0
LRRC49,2793,0
CDV3,1111,0
LINC00865,1812,0
SLITRK4,2839,0
ST5,1090,0
UNC80,2439,0
PPAP2B,2060,0
EXOC8,2768,0
C8orf88,2797,0
NRXN1,2605,0
ADAM1A,2267,0
MAP6,224,0
UQCRB,1357,0
SH3KBP1,1291,0
ZNF354B,2534,0
MTERF3,2844,0
OR3A3,2582,0
SEH1L,2380,0
HNRNPH1,2047,0
TLN2,190,0
HLA-A,1099,0
ARMCX1,1586,0
CYTH3,2754,0
KIAA1244,2685,0
LDOC1,1312,0
PHF1,1373,0
ZNF365,743,0
HEBP1,877,0
H2AFZ,754,0
ATP6V1F,564,0
COL16A1,2100,0
LOC101929648,2780,0
TRANK1,2705,0
TMEM170B,2025,0
VPS52,1007,0
TACC1,1684,0
PHYHIPL,2793,0
LOC101927769,1267,0
ABLIM1,1074,0
UXS1,2818,0
GLRX5,2793,0
ASTN1,2638,0
GJB6,2553,0
APMAP,841,0
RP3-508D13.1,2781,0
MARCKS,877,0
SYN1,215,0
ARPP19,508,0
USP5,2384,0
ARMCX2,2207,0
NUFIP2,1769,0
SCP2,2272,0
CREBBP,2119,0
IKBKAP,2227,0
BC043400,2780,0
RMDN3,2077,0
NUDT9,2280,0
SENP1,2705,0
COX4I1,2593,0
SMARCA1,1960,0
RIN2,2825,0
NCOA1,397,0
C16orf89,2823,0
SHC2,188,0
RFX3,1974,0
FKSG49,312,0
RPRML,2726,0
SOX9,1558,0
TMEM246,436,0
CD81,1010,0
ANXA5,2388,0
COX7A1,2271,0
MT1E,847,0
HSPB1,1029,0
TLE2,2822,0
GFAP,1199,0
NSMCE1,182,0
GUCY1A3,186,0
PSMB3,1744,0
NDUFS5,2542,0
LOC101928288,2706,0
RYR3,2766,0
MIR4746,409,0
CPEB3,2835,0
LOC283713,1264,0
LHPP,824,0
DAD1,2531,0
C6orf136,61,0
MTMR10,2708,0
GLIS1,2708,0
PAF1,1111,0
DACT3-AS1,2705,0
ATP1A2,1455,0
ARHGAP18,2250,0
ZNF776,2824,0
ABR,886,0
NUMBL,312,0
BOLA3,2793,0
6-Mar,1576,0
ZCCHC17,436,0
ADCY2,855,0
RP11-521O16.2,2561,0
PRDX1,529,0
FAM126B,2835,0
GATSL2,1767,0
GRM4,2582,0
LINC01119,2801,0
NCOA7,749,0
PRICKLE1,172,0
KIF21B,2314,0
LUZP6,2527,0
P2RX5-TAX1BP3,2177,0
GPRC5B,2258,0
GUSBP2,2705,0
EEF1B2,2686,0
GBF1,2546,0
SST,2812,1
HOMER1,1625,0
ZBTB7A,209,0
MACF1,1125,0
SMNDC1,2816,0
LOC100996747,2127,0
ZNF675,2780,0
TUBA1C,2594,0
RUFY3,698,0
ADAMTS10,2534,0
PCP4,528,0
OR1E1,2706,0
C9orf24,2473,0
TSR2,2310,0
LAMB2,2823,0
TMEM245,2787,0
LINC01057,2705,0
NEK7,2410,0
MSX1,2749,0
AOC3,2823,0
RPS21,1235,0
ZMAT4,2393,0
B4GALT6,2755,0
SH3RF3,2103,0
ZNF706,1375,0
RUNDC3B,1625,0
GLTSCR2,928,0
CTAGE15,2524,0
BASP1,2711,0
HMP19,987,0
PLEKHH3,2781,0
PLEKHA6,2503,0
CADPS,2735,0
CDKN1B,821,0
TPM2,2823,0
ARHGEF18,1049,0
ACSBG1,2578,0
PSMA4,1389,0
RP5-1085F17.3,1781,0
KTN1,826,0
BRSK1,1090,0
DNAJB2,805,0
PRAF2,2567,0
MFF,2476,0
ERVMER34-1,2706,0
TMEM181,1309,0
CDK5RAP3,144,0
KCNB1,1100,0
TMEFF2,205,0
PDHX,2584,0
FAM219A,224,0
DYNC1I1,594,0
ANXA7,766,0
FRMD5,1646,0
RAB31,1253,0
SLC25A46,1803,0
MTX2,2412,0
TNFRSF21,2362,0
AX746755,2522,0
MAFF,2837,1
CACNA1E,74,0
ARMC6,2705,0
SGSM1,2622,0
PDE2A,53,0
ARMCX6,643,0
RSAD1,869,0
LOC102723493,2480,0
LOC101928820,2705,0
MYT1L,2190,0
CMTR1,2608,0
CTSB,2671,0
GSTA4,698,0
NRIP3,2323,0
FAM107B,592,0
NMRAL1,111,0
LOC554174,2781,0
ZYG11B,1813,0
PPFIBP1,2454,0
KCNQ2,1303,0
ANLN,2802,0
ASS1,83,0
TMEM255A,2705,0
LINC00599,1363,0
PHF6,2140,0
RIMBP3,2705,0
PKNOX2,2723,0
MAF1,2708,0
PFKFB3,1226,0
SRP9,1081,0
INPP5E,726,0
KCNH3,159,0
ARRDC2,2825,0
PMP2,1009,0
NFIA,2410,0
AKAP11,2598,0
SGK1,336,0
UG0898H09,2707,0
TRIM9,1940,0
FKBP5,869,0
NSUN5P1,1816,0
NDUFAF1,2411,0
NARFL,164,0
OLFM3,2509,0
ZDHHC8,2642,0
SPOCK1,2541,0
MIR6789,1508,0
POU3F3,2386,0
C8orf46,2715,0
PIK3C2B,347,0
ELOVL4,2134,0
C7orf55-LUC7L2,2253,0
WBP5,2721,0
BC040734,2768,0
METTL5,2411,0
SLC26A2,2823,0
RAB11FIP2,2815,0
RPL7A,1666,0
CDCA7L,2708,0
ATR,2613,0
FBXL15,1982,0
WDR6,2549,0
SETBP1,1820,0
CSMD1,1828,0
EIF3D,2401,0
AP006547.3,2480,0
GABRB2,2156,0
CYP11A1,2781,0
DECR1,2652,0
LUZP1,2829,0
LOC100129550,2376,0
TNPO2,455,0
LINC00520,1188,0
CCNG1,2721,0
MTIF2,2786,0
C9orf16,237,0
MFAP1,2307,0
KLHDC9,2309,0
E2F3,975,0
FNBP1L,2762,0
NIT1,2642,0
FNDC4,1014,0
XAF1,2749,0
SUGT1,2482,0
RGS5,2779,0
SUCLA2,1761,0
HGH1,1267,0
PIAS1,2664,0
ZNF638,483,0
TVP23B,2507,0
SLC13A5,2801,0
PCMTD1,676,0
LRRN3,1625,0
ARHGAP35,2588,0
COL11A1,2444,0
ANAPC5,137,0
LRRC7,2684,0
LHX3,2705,0
UBA2,2816,0
USP32P2,1421,0
LANCL1,925,0
CCBL2,2842,0
DDR1,450,0
IL6ST,2119,0
FOXG1,1421,0
CCDC6,2520,0
SRP14,2005,0
LOC101930541,2781,0
KIAA0485,2825,0
CNTD2,2801,0
UBE4A,1940,0
VPS51,1006,0
EFR3A,2081,0
HNRNPA2B1,937,0
ARMC2-AS1,2457,0
PMPCB,2085,0
CETN3,2722,0
CRB1,2749,0
MGAT1,2534,0
ALG2,2153,0
ATRX,1848,0
LINC00515,1726,0
TSHZ1,2714,0
TSPAN13,2710,0
AP3D1,635,0
PPM1L,1907,0
SCGB3A1,2781,0
MIR3656,2733,0
DUSP22,1723,0
MXRA7,579,0
LOC283045,2608,0
PCDH19,2813,0
GPS2,266,0
CAMKV,1303,0
TRIM65,2480,0
RILPL1,1634,0
PEG3-AS1,1263,0
HSPA13,1715,0
PPIB,83,0
HES4,2706,0
DLG5,2232,0
LOC439994,791,0
GTF3C6,2179,0
CPSF4,258,0
UHMK1,1298,0
TUBG1,731,0
MTMR1,1786,0
ZC3H12C,2358,0
COCH,168,0
EMX2OS,2763,0
SLC25A4,1986,0
STOML1,1471,0
WIPI2,36,0
ISCA1,2597,0
PREX1,2825,0
PCNT,1774,0
LOC101929841,1397,0
GP1BB,1885,0
SNX30,2439,0
ZMIZ1,2721,0
LINC00461,2283,0
AC092620.2,1874,0
WDR83OS,2771,0
MEG3,1345,0
TIPARP,2388,0
TUBA1B,2594,0
BC048982,2781,0
MRPS33,1016,0
RBL2,2576,0
VAMP1,820,0
LOC286009,2524,0
GNG2,2813,0
HSPB11,2768,0
LOC286052,2339,0
RP13-258O15.1,291,0
GSTM5,187,0
C1orf168,2706,0
TMEM184B,2234,0
LOC730961,2705,0
GEM,2749,0
C1orf123,2334,0
CYP4X1,2741,0
TECPR2,1378,0
MTMR12,1630,0
NFKBIA,2837,0
TPP1,260,0
GNPTAB,871,0
NMUR2,2480,0
PAK6,2843,0
RB1CC1,2487,0
ZNF362,753,0
ID4,2569,0
ST6GALNAC5,2332,0
MRPS7,2567,0
CARTPT,1995,0
LOC101928725,2478,0
CTB-167B5.2,2781,0
STMN4,537,0
ZNF25,2585,0
EFNB3,156,0
MSL1,675,0
VPS4A,2671,0
HRAS,2493,0
RNF112,2550,0
TDRD9,2789,0
POMT1,2554,0
ATG2B,770,0
GLRX,2662,0
ATP5J,2593,0
RP11-480D4.6,2781,0
AGT,2187,0
SLIT2,2792,0
C18orf32,714,0
PPP1CB,1653,0
ZFP62,1687,0
LOC101928830,2171,0
PITPNB,757,0
RING1,1305,0
OLA1,562,0
ZNF532,2361,0
SNN,2010,0
LOC153811,285,0
YPEL2,1422,0
LOC100287497,2705,0
NFIB,2121,0
SLC4A3,124,0
CPTP,1683,0
LOC101928635,2384,0
ATP6V1G2-DDX39B,725,0
ABCA1,2748,0
AF007147,1816,0
MSRB2,1371,0
GLI3,2801,0
DDIT4,1559,0
LOC101927044,2781,0
SLAMF6,2801,0
PMM1,2567,0
IL1RAPL1,2723,0
C4A,2669,0
LEPROT,2779,0
ANKRD12,1109,0
FAM3C,2597,0
PET117,2703,0
RPS4XP2,1514,0
UROD,400,0
NEGR1,2675,0
GNPDA1,2341,0
SAR1A,2817,0
SV2A,2042,0
BSDC1,1816,0
AIF1L,2802,0
ZNF281,432,0
NNAT,208,0
GPD1L,2687,0
TUBB,2639,0
NDUFA13,2639,0
DLGAP1,2455,0
BRMS1L,1567,0
JAKMIP1,2737,0
TTYH2,2547,0
SLC4A4,2763,0
RGL2,1476,0
NDUFAB1,623,0
RPUSD1,2670,0
HIST1H2AM,2781,0
NFAT5,369,0
AGAP10,1317,0
RBM17,2257,0
FAM8A1,2167,0
CYSTM1,2342,0
AK021977,2459,0
GMNN,2116,0
MYH11,2823,0
ITPKB,2749,0
HADHB,855,0
SLAIN1,337,0
NKAIN2,191,0
CDK2AP1,1228,0
SYNJ1,767,0
CORO6,547,0
HCK,2705,0
USP9Y,2252,0
WFS1,2828,0
SYT11,27,0
TMOD2,979,0
CNBP,2831,0
DQ586822,682,0
DNAJA2,352,0
TMEM163,143,0
AUP1,1029,0
PPIA,2743,0
HHATL,1478,0
KIAA0247,1733,0
TMTC1,2756,0
MAP2K4,2662,0
ST3GAL5,1763,0
RPF2,2080,0
THSD7A,1714,0
DEFB105A,2780,0
RPS6KA4,2384,0
HMGCR,1970,0
PFDN1,1316,0
BMS1P6,1188,0
SUN2,336,0
DCLK1,811,0
MEGF10,2553,0
LONRF2,1059,0
TNPO1,2178,0
NECAB2,159,0
FMR1,2815,0
RHOU,2547,0
GABARAP,2364,0
MAP2,2156,0
SNX10,562,0
DYNLL2,2704,0
NDRG1,912,0
FAM189A1,413,0
RP11-116D17.1,2705,0
CYGB,2801,0
SARS,121,0
ZNF622,2129,0
SNRNP70,210,0
GATAD2B,1171,0
TXN2,1456,0
CACNA2D3,767,0
F8A1,190,0
CCDC12,1534,0
APELA,2780,0
SPATA2,2592,0
RAP2A,1597,0
FAM53C,38,0
NUDC,37,0
ARHGEF7,2843,0
MED19,441,0
PHACTR3,342,0
THOC7,2585,0
MAN1B1-AS1,1365,0
DLD,2411,0
COX2,2079,0
TSNAX,2598,0
EHD3,86,0
MTURN,383,0
LOC102724809,2781,0
EIF4G2,1122,0
CMPK2,2768,0
LOC101930324,2477,0
MIR6743,114,0
BBS7,2754,0
HIPK2,1558,0
FDPS,1054,0
CORO1C,2241,0
CGGBP1,2352,0
EEF1D,1447,0
MAL,838,0
CENPE,2780,0
DAND5,2480,0
RNF11,2167,0
HARS,2363,0
ZNF70,2706,0
MLLT1,188,0
EIF3G,434,0
RAP1GAP,504,0
TAGLN,2823,0
HHIPL1,2705,0
MPRIP-AS1,2780,0
DKFZP434F142,2480,0
UBE2G1,2646,0
MED13L,2158,0
IFI6,2443,0
HABP4,62,0
GNPAT,403,0
LRRC4C,671,0
PURG,72,0
SERPINA3,2552,0
HUWE1,609,0
UQCRQ,419,0
HMGCS1,2818,0
LOC101930235,2582,0
POLR3F,2797,0
INPP5A,2786,0
ZNF540,2761,0
LINC00280,2706,0
FAM208A,2367,0
CPEB2,975,0
LOC728554,2685,0
MYCBP2,2156,0
CCDC3,861,0
CERS1,455,0
RP11-680F8.4,2670,0
S100A16,2674,0
POM121,31,0
AQP1,2603,0
NLK,998,0
AL833181,2392,0
EFHD2,1604,0
FZD7,2633,0
AP3S2,231,0
TLX3,2705,0
C16orf72,2629,0
MAPK10,2687,0
NEURL1B,2775,0
OGFRL1,2765,0
BIRC2,1251,0
KIF1B,938,0
ATP5G2,1982,0
ADAM23,2291,0
FAM192A,184,0
STX1B,1683,0
CPOX,2702,0
BTNL9,2707,0
KCNA2,2189,0
TMEM126A,2194,0
LOC100272216,1347,0
SLC17A6,416,0
IGIP,1940,0
LRRC8B,2741,0
PCGF6,2582,0
GHITM,634,0
MTMR4,1600,0
NR3C1,1329,0
RP11-271C24.3,2301,1
RABGGTB,2424,0
PP13,2384,0
MTCL1,416,0
RORB,820,0
ISG15,2443,0
DDRGK1,4,0
C17orf58,2842,0
ATAD3C,2705,0
DPY19L2,2263,0
LRRC3B,2763,0
NR2C2,2795,0
FYN,750,0
FAM98A,2818,0
CDR2,2406,0
GPC5,2779,0
PPM1E,2323,0
RBM25,1162,0
FAM115A,2814,0
FLJ22184,159,0
RPS3,1235,0
USP54,1140,0
TMEM132C,2726,0
TUBB4A,215,0
CCDC92,2457,0
HTATSF1,2424,0
MTHFD1,64,0
YWHAB,2327,0
ADM,2674,0
PEA15,1556,0
MGST3,2334,0
PRKACB,2580,0
COLCA1,205,0
AL132709.8,2278,0
KIAA1644,1834,0
LAMTOR5,1653,0
KIAA1211L,864,0
ARAP2,2371,0
LOC101929076,2705,0
CSTF3,1111,0
C1orf198,2578,0
SACS,1261,0
QDPR,906,0
CDS1,2807,0
SEC11A,2180,0
ATAD1,2774,0
SMCO4,2453,0
CTSD,2670,0
DAPK1,2817,0
ATP6V1D,408,0
MADD,2414,0
CLK1,1258,0
PPARGC1A,2797,0
POLR2L,2366,0
LDHB,2440,0
KLK7,2037,0
NRCAM,2282,0
DARS,2721,0
RAB11A,2146,0
KIAA0930,1049,0
LOC101928157,2781,0
RAB15,926,0
LOC220729,2161,0
NEMF,1723,0
PDHB,408,0
DPP8,2545,0
POM121L12,2382,0
CRYM,533,0
CD164,877,0
AC092192.1,2780,0
AP1G2,243,0
HSD17B11,2847,0
CCR8,2780,0
LKAAEAR1,2559,0
RP11-403P17.4,1147,0
SMARCA2,2760,0
NDUFV1,2770,0
FAM13B,969,0
KIFC2,964,0
SUMO1,2831,0
PJA1,2166,0
DCTN6,2289,0
RGS1,2823,0
TSSC1,2394,0
DEDD2,282,0
COPRS,599,0
CACNG7,2705,0
RPL27A,814,0
TATDN1,2750,0
HCN1,2675,0
LAMA5,2748,0
MOBP,384,0
ZNF573,2809,0
H1F0,1036,0
TCEAL2,2710,0
NOSIP,109,0
SRPK2,1211,0
SEMA6A,376,0
ERBB2IP,2410,0
SCAMP1,1529,0
SLC27A1,681,0
ZMAT2,2811,0
LOC101929584,2705,0
ERBB4,2576,0
MAPK1,2212,0
LOC102724870,947,0
LYSMD2,924,0
NOXRED1,2561,0
TMEM167B,2598,0
CCK,550,0
DPM3,109,0
JAM2,2822,0
NOL7,2146,0
KCTD2,2439,0
DDX17,1348,0
DAG1,2371,0
RAP1B,1217,0
HS6ST2,2848,0
DMTN,78,0
IMMT,2732,0
COPS2,1904,0
BCAS2,2793,0
EID2,2750,0
BCAS1,384,0
SLC22A9,2705,0
PCDH17,1706,0
LOC400748,2780,0
CAMTA1,2740,0
DDX1,623,0
CACYBP,2469,0
CD99,2388,0
DYNLL1,2477,0
BCL11A,1593,0
LRRC40,172,0
LPGAT1,2368,0
FAM21C,1286,0
C19orf33,2781,0
CTSH,2553,0
ZNF503-AS1,2706,0
AK021804,1348,0
RPL11,2581,0
SYT8,2706,0
LOC101929683,2705,0
C3orf17,171,0
RBP4,1433,0
MTTP,2705,0
ZRANB2,1958,0
RPN2,324,0
SRSF1,2727,0
KCTD13,237,0
MYRIP,2841,0
COBL,3,0
ILK,2608,0
GSTM3,1797,0
ZBTB4,1349,0
IGHV7-81,2780,0
YWHAE,445,0
SLC38A11,1714,0
ENO2,2542,0
HMGN1,616,0
TCF4,2632,0
CPEB4,707,0
MIR6840,2758,0
RPLP0,1647,0
C2orf74,2774,0
TOMM40,1089,0
HECW1,2098,0
RSL1D1,2795,0
MID1IP1,2749,0
SPARCL1,2682,0
PLGLB1,2506,0
MB21D2,2681,0
BCAP31,1155,0
TMEM167A,676,0
TIMP4,2781,0
LOC646762,2642,0
CMBL,1147,0
TXN,2581,0
SUCLG1,1972,0
HLA-DMB,2250,0
PRO1804,2823,1
RSPO3,2633,0
NT5C2,2273,0
MINOS1,1653,0
RP3-486D24.1,2528,0
KCNAB2,246,0
DDIT4L,2674,0
NONO,1797,0
AF520793,1428,0
ATP6,1860,0
MED22,2642,0
LOC101928789,2781,0
PPP1R3C,2779,0
STUB1,830,0
MIR636,2280,0
CISD1,419,0
LRRC8A,838,0
EMX2,2569,0
PAPD5,71,0
SUSD4,2540,0
PDK4,2779,0
SOBP,2415,0
CAPZA1,350,0
BEGAIN,188,0
AHSA1,599,0
GGA3,2454,0
INSIG2,2847,0
TUBG2,103,0
WIF1,2187,0
CUBN,2781,0
GARS,550,0
VAMP7,2793,0
DPYSL2,2295,0
FAT3,1243,0
RPL23,1534,0
CPLX1,1312,0
MALAT1,1818,0
FTH1,1703,0
SEMA4C,642,0
LATS2,2633,0
LOC101928826,2027,0
TSPYL1,999,0
FNBP1,2099,0
DAB1,191,0
RP11-247L20.4,1908,0
DIP2C,289,0
RNF19A,2722,0
CNPY1,2781,0
IGSF21,246,0
C11orf31,2142,0
LOC101929687,2382,0
SVIP,2755,0
CACNB4,2703,0
C16orf80,2697,0
TMEM41B,2588,0
DBI,825,0
MZT2A,1155,0
LOC652276,2705,0
USP1,2577,0
PXYLP1,2830,0
TOB2,2137,0
HINT1,2542,0
TBPL1,946,0
TPPP,2784,0
SIRPA,85,0
CXADR,1715,0
SLC17A7,2260,0
TRIM37,932,0
AP3M2,2634,0
ARF4,1331,0
CYC1,2514,0
HSBP1,1498,0
GOLGA8A,2759,0
PCSK2,2605,0
OSBPL9,2351,0
ACTG1P4,2816,0
CAPZA2,2625,0
SCG2,1521,0
ARPC1A,2395,0
PALLD,2674,0
MRPL57,432,0
COMMD8,2798,0
STRIP1,25,0
AL109706,2706,0
HSPE1,2806,0
SNX3,2580,0
AC009502.4,2705,0
GRIK5,682,0
C20orf194,458,0
GTF3C2,2723,0
EDNRB-AS1,2781,0
LOC100129361,2754,0
PCDHB1,2561,0
WDR54,1343,0
FAM213B,1094,0
S1PR1,2802,0
ABCC5,2390,0
AKR1B1,1916,0
ATMIN,2815,0
SUMO3,924,0
ZNF330,2796,0
MIR6805,814,0
RPS8,776,0
FAM162B,2642,0
TIMP1,2823,0
NAV1,226,0
TCEAL7,1521,0
RPL18P10,2158,0
TMEM38A,2796,0
FRMD1,2780,0
PTRH2,2610,0
TMTC3,1018,0
FRRS1L,1489,0
ALDOC,2457,0
CYCS,835,0
C10orf10,2749,0
FAM133B,2161,0
SNX17,2394,0
FBXW7,1096,0
SLC6A1,1215,0
TNRC6B,1594,0
LOC100288911,190,0
PSRC1,2759,0
PTPLB,2139,0
LOC100507547,117,0
SIPA1L1,2685,0
LINC00167,2705,0
PFKP,1155,0
ERP29,2401,0
DHX15,1762,0
ZBTB34,1919,0
SARAF,2513,0
DNAJC5,1983,0
RPS4Y1,1154,0
CHMP4B,2400,0
DAPP1,2801,0
CCM2,2517,0
LAMTOR1,2276,0
RPPH1,2780,0
RBPJ,776,0
BRINP1,1798,0
KIAA0556,187,0
SNHG6,1235,0
INTS2,2754,0
FLJ45825,2780,0
ZNF791,1172,0
GLT1D1,78,0
EFNA5,1821,0
SDF2L1,2559,0
RP4-575N6.5,2705,0
SLC45A4,2502,0
SLC30A9,2411,0
RAB27B,1925,0
VBP1,846,0
RP6-11O7.2,1679,0
EXTL2,2840,0
LOC100131763,2705,0
UBLCP1,172,0
A2M,2825,0
AMD1,957,0
C4orf46,291,0
HIP1R,2825,0
SLU7,2605,0
WAS,286,0
SCN3B,2260,0
ATP5D,82,0
PPFIA4,1774,0
TPST1,2118,0
ARHGDIG,2546,0
EDNRB,2779,0
CEBPB,1559,0
NR1D2,2815,0
SMIM19,2733,0
PRDX3,2183,0
USP14,926,0
LNPEP,2046,0
UBE2O,2642,0
H2AFV,2066,0
MAPT,800,0
AOC4P,2780,0
PPP2R5E,2475,0
RPS19,1164,0
DEK,2179,0
GRIA2,2402,0
PSMD8,2395,0
BOD1,2087,0
NASP,2809,0
DDX26B,2522,0
RPS23,1654,0
DSG1,2781,0
RPL34,1556,0
VSIG4,286,0
RPS7,1654,0
TSPYL4,2155,0
APOLD1,802,0
NFE2L1,631,0
STXBP3,2762,0
CTR9,2709,0
TMEM70,2395,0
MRPL36,1538,0
SCN2B,2182,0
LINC00622,2807,0
NPIPB15,1269,0
DRAM1,2582,0
KDR,2705,0
SPIN1,2471,0
ZNF615,2293,0
MEF2C,2593,0
PSMD12,1696,0
SLC47A1,2707,0
GSTO1,533,0
SCARB2,289,0
G0S2,2670,0
STRN4,2382,0
PNPT1,869,0
DTNA,1558,0
MGC16142,2705,0
RAB40C,1632,0
MAFB,1646,0
WBSCR17,1615,0
HSPD1,823,0
TOP2B,1261,0
CCDC115,1780,0
NPTX2,2813,0
CCT7,2639,0
GRB2,1852,0
FBXO15,2608,0
KRT5,2781,0
SHPRH,1782,0
GLT8D1,2227,0
NME4,375,0
ZBTB20,2766,0
RP11-722E23.2,1267,0
SLC7A11,2569,0
ROMO1,2750,0
PFN2,2477,0
CIT,2834,0
YWHAQ,2370,0
DACH2,1150,0
DDX27,455,0
CRYAB,337,0
ARL4C,2098,0
VDAC2,599,0
CARS,373,0
STYK1,2656,0
GLUD1,2578,0
AK057657,2659,0
GNG3,1312,0
OCIAD2,2818,0
RAB14,143,0
XKR4,1312,0
EIF3K,1222,0
NPTN-IT1,1838,0
CDC42SE1,1733,0
DCTN1,113,0
MGC27345,1364,0
RAB1A,924,0
COL4A2,2320,0
MTMR9,478,0
GDAP1,1487,0
AKTIP,2733,0
RABGAP1,1095,0
SAFB2,1317,0
UBR3,1997,0
LINC00493,2411,0
CREBL2,2786,0
CDK19,2225,0
SDC4,2187,0
TPBG,2797,0
SRRM2,1162,0
MZT2B,648,0
LOC202181,806,0
CFL2,2297,0
QKI,968,0
CAND2,800,0
NCDN,1303,0
ATP5O,831,0
ZNF2,2546,0
SNORA29,1211,0
FAIM2,1077,0
CCDC47,2818,0
NDUFV2,2771,0
USP11,2457,0
PRNP,2155,0
COMMD7,10,0
RP11-469M7.1,2776,0
ZDHHC11,1049,0
PDP1,820,0
ANKRD36,806,0
ACOT7,1744,0
VAT1,2168,0
SERP1,877,0
C9orf64,312,0
AC145343.2,2781,0
HLA-C,2751,0
HSD17B10,1441,0
H3F3A,1167,0
LOC101929512,2780,0
TCERG1L,2702,0
NOP2,348,0
TMEM69,872,0
LOC257396,2582,0
ZFYVE21,704,0
RIMS2,2556,0
CDC16,381,0
PLEKHM3,2816,0
RPL22,1641,0
EFNB2,290,0
ENPP2,287,0
LINC00112,2781,0
LINC00507,1714,0
LOC728084,2780,0
EPCAM,2603,0
MPHOSPH10,1994,0
TMEM132D,1541,0
GABARAPL1,2327,0
CBX1,569,0
LINC00837,2780,0
NDN,1034,0
PNISR,1327,0
REPIN1,1781,0
PEX11B,2146,0
OLFML3,2480,0
G6PC3,266,0
AP1S2,1321,0
SPOCK3,2702,0
TTC1,236,0
AP000253.1,2706,0
C11orf96,1334,0
SCOC,2598,0
HIST1H4A,2068,0
SMARCD3,149,0
TTC36,2780,0
CTNNAL1,1824,0
SHC3,2283,0
ARHGAP44,2816,0
PAIP2,2793,0
FAM178B,2478,0
FAM171B,1251,0
HTR2C,2603,0
LOC101060363,2594,0
SLC20A1,1219,0
RP5-882O7.1,2008,0
ADI1,2388,0
SGCE,1883,0
LOC101927391,2582,0
IFNGR1,1992,0
POMP,2793,0
FAM153A,2758,0
IFIT3,2822,0
ACAD11,2248,0
SSU72,3,0
TTYH1,2779,0
ATP6AP2,1499,0
SPZ1,2780,0
C3orf80,2509,0
TMEM178B,2846,0
ZNF204P,2587,0
HMGN4,2581,0
POLR2H,1967,0
SEZ6L,1776,0
RPLP2,160,0
C20orf24,1211,0
PCSK1,1948,0
GPX1,1155,0
NSMCE2,1267,0
ADD1,629,0
CAP1,2456,0
TAF13,2253,0
RIMS3,1940,0
COX6C,2593,0
FAM155A,1102,0
LOC399491,2449,0
CDS2,1985,0
ND4,2079,0
FAM174B,135,0
THOC1,561,0
C19orf60,103,0
SOX2,2569,0
ZNF423,2763,0
P2RY8,2480,0
LOC285000,2781,0
SLC12A7,2459,0
FAT1,2259,0
ENDOG,2393,0
ITM2C,1051,0
ANKRD33B,2789,0
ITFG1,2848,0
CAPNS1,121,0
RTN1,2820,0
ZNF667-AS1,374,0
MIR34A,2822,0
PSAP,1528,0
TMEM150C,2284,0
FOPNL,2573,0
FAM69A,1287,0
CDK5,335,0
FLRT2,2787,0
STXBP6,2297,0
MAPK6,2839,0
RHOQ,2570,0
GDA,562,0
PORCN,2250,0
NPTX1,733,0
RPS27,1103,0
CALY,2657,0
ABRACL,2702,0
SEMA6D,2702,0
LINC00936,2537,0
LOC339593,2705,0
ANGEL2,2783,0
11-Sep,2815,0
POM121L8P,2705,0
MRI1,791,0
TENC1,2670,0
PIH1D1,294,0
SMIM13,2544,0
PARN,1977,0
ALAS1,1948,0
COMMD3,2220,0
CLSTN2,2803,0
SLIT1,2803,0
TRIM8,2101,0
CBLN2,2447,0
PTPRT,334,0
PITPNM3,2420,0
NXN,1612,0
NRIP1,2056,0
LMTK2,2590,0
EFEMP2,2802,0
RP4-635E18.8,2758,0
ANGPTL4,2749,0
FBXO45,2724,0
BC033528,2582,0
TAOK3,2727,0
ALMS1,2809,0
RPLP1,1647,0
CBX4,1889,0
EPAS1,2410,0
ZDHHC16,186,0
HNRNPUL2,2740,0
PLOD3,2137,0
GRAMD3,2799,0
PGRMC1,987,0
CDO1,2709,0
KCND2,2182,0
AF279780,2561,0
GPR108,2670,0
DIABLO,1983,0
LDB2,2698,0
ZFP37,2478,0
KIAA0319,81,0
GNA13,2746,0
NDUFA5,1521,0
YJEFN3,1433,0
TMEM47,1953,0
ABLIM3,2801,0
LOC101927653,2479,0
EGR4,1683,0
NDUFA1,623,0
P2RY2,2705,0
NEBL,1575,0
IFITM3,1163,0
BBS2,1074,0
LPHN1,541,0
FAM49A,2846,0
CRIPAK,2519,0
NAT8L,2427,0
GGCT,1307,0
LOC157562,2622,0
TSPYL5,2610,0
FAM134A,2363,0
PET100,1016,0
GTF2B,2581,0
ANKRD20A11P,228,0
CLCN4,2846,0
SLC6A8,262,0
MMGT1,2846,0
LPPR4,2260,0
MARK4,541,0
EIF3E,2194,0
LSAMP,952,0
BARHL1,2780,0
COQ3,2182,0
TMEM155,2597,0
NUDCD3,62,0
SS18L2,2792,0
PARM1,2098,0
UBA3,971,0
GNAO1,2492,0
FAM83C-AS1,2780,0
ORC6,2550,0
SEC24B,957,0
CLCN3,1998,0
CDC42BPA,1058,0
NRGN,1312,0
CDH12,2703,0
MBNL2,1263,0
LOC100506076,2147,0
MRPL41,243,0
PLEKHA2,2813,0
PRR11,1147,0
LOC102724356,540,0
ZNF160,648,0
NOTCH2NL,1060,0
RPS5,814,0
ZSCAN29,1765,0
MCHR1,1682,0
CTDP1,2478,0
FAM209A,2780,0
HS3ST4,2789,0
SLC39A14,2703,0
LGALS3,2669,0
LOC728392,2477,0
GLRB,2597,0
SPCS2,598,0
ZNF580,147,0
PI4KA,2457,0
ARMCX5-GPRASP2,2541,0
LZTS3,2449,0
VARS2,455,0
KIAA1143,2418,0
SCML2,1634,0
LRRFIP1,884,0
SLC35B1,2567,0
SPOCK2,353,0
GNG7,1633,0
INSC,2705,0
PIP4K2C,1101,0
SORBS2,2761,0
TMSB4X,2468,0
GPATCH8,1058,0
PON2,2186,0
CAMKK2,1219,0
FOCAD,2416,0
PRPS2,2590,0
AC091133.1,2474,0
PCMT1,2593,0
CNTN4,1974,0
KPNA2,2288,0
LOC389199,1267,0
ERMN,287,0
CCT4,2280,0
SERPINI1,2477,0
C9orf135-AS1,2781,0
GRASP,2642,0
ERCC5,1058,0
IGFBP3,2823,0
EVI2B,2559,0
COX5B,623,0
PDZK1,2780,0
GPR26,2431,0
ZNF587,2347,0
AIFM3,2446,0
FAM47C,2705,0
TMEM258,373,0
LOC728613,2822,0
ZNF788,2480,0
LOC80154,2524,0
C6orf195,2780,0
MICAL1,1816,0
STX12,2686,0
MIR3682,2065,0
ATP6V1C1,2774,0
LOC101929177,1267,0
KIAA0907,1258,0
ATP5H,2411,0
GNB1,1616,0
GNAI1,2345,0
TRY2P,2780,0
PKIA,765,0
ATRAID,2724,0
FAM13A,2787,0
CNEP1R1,2482,0
GLCCI1,1714,0
SMS,2817,0
BAALC,660,0
NELFB,1476,0
CST4,2705,0
RAB3GAP1,815,0
AMN1,2586,0
C1D,2297,0
NAE1,2146,0
CCDC104,2412,0
YPEL5,757,0
ANKRD6,2037,0
ADH5,2533,0
SCRN1,1556,0
PAIP1,1102,0
CCDC28A,2662,0
RPS16P5,2708,0
ERC2-IT1,2810,0
INPP5F,1083,0
TRMT10C,2847,0
LOC286121,2705,0
PPA1,2593,0
CHORDC1,2816,0
SASH3,2670,0
SAMD12,1263,0
TNFAIP8L1,602,0
MYH9,2705,0
SLC2A3,565,0
PRDX5,1521,0
RPL12,1052,0
CDK5R1,1625,0
ERICH4,2781,0
CLASRP,252,0
SEMA3G,2382,0
IMPA1,1084,0
ZDHHC23,2343,0
ARSJ,2781,0
PGBD5,2558,0
B3GAT2,2775,0
ZNF189,2765,0
SH3BGRL,2658,0
NDUFAF4,1661,0
RPL7L1,374,0
LGALS1,2811,0
NPTXR,2554,0
TROVE2,1198,0
DIRAS2,999,0
USP4,2491,0
NPIPA1,2449,0
ZSCAN32,2801,0
KIRREL3,1604,0
NKRF,1319,0
ANP32E,2577,0
PLSCR4,2060,0
GJA1,1609,0
FNIP2,1120,0
AX746492,2382,0
IL34,2801,0
ARL15,1018,0
ADAM33,2810,0
MYH15,2480,0
SCN1A,820,0
PCDH7,2839,0
EEF1A1,2027,0
BC041451,2780,0
DHCR24,2803,0
ATP6V1G2,527,0
FTH1P5,1989,0
FOXP1-IT1,1268,0
LGI1,2115,0
CEP170,2815,0
THY1,2457,0
SYT6,2168,0
MYL12B,2541,0
CERS5,1604,0
RPS10,1703,0
KIAA2022,2819,0
RAPGEF5,2135,0
STMN1,1988,0
HNRNPK,1549,0
WDR7,1970,0
FAM162A,2732,0
ATIC,1883,0
GRIA1,2804,0
RNPS1,720,0
HTRA1,1040,0
ERICH3,2586,0
NRSN2,237,0
COPS3,2395,0
MADCAM1,1267,0
C4orf3,1137,0
UBE2D4,187,0
DENND5A,894,0
SGK494,2506,0
LAGE3,1753,0
VAMP4,2300,0
METTL9,2349,0
GPX4,2456,0
MLLT11,2663,0
ARL5A,2113,0
SF3B2,1477,0
CDK10,2708,0
MAML2,2749,0
R3HCC1,149,0
HMGN3,1434,0
EZR,2749,0
MBD4,235,0
SLC4A11,2642,0
TOP1,706,0
NR2F1,607,0
FGF8,2781,0
CAPN2,2551,0
CNKSR2,1826,0
CNTFR,2559,0
WASF1,2402,0
FANCE,2801,0
RANBP9,1624,0
GOLGA7B,2105,0
PLAT,2801,0
DZIP3,2586,0
ABCC10,1360,0
NDUFB6,2769,0
RAB6A,2543,0
PIPOX,2708,0
RP11-496I2.2,2781,0
SPEN,1875,0
NTRK3,320,0
SDCBP,2270,0
PMVK,1477,0
SGK223,416,0
MKRN4P,238,0
ARHGEF26,2749,0
TRIM2,1168,0
CIRBP,2142,0
OLIG1,1071,0
AKR1C3,2779,0
LRP11,1796,0
SCG5,2477,0
SRRM4,2502,0
RHO,2480,0
APLNR,2674,1
MAPK11,2810,0
LOC100996724,1877,0
SSR2,64,0
NR3C2,1589,0
LOC101928139,2781,0
ZNF750,2780,0
BBX,2459,0
PLD6,2480,0
PPP2R2B,544,0
SNRPD3,2733,0
OXCT1,2687,0
ATP8B1,1347,0
FBXL3,1843,0
ATP13A3,2267,0
RPAP2,2642,0
RFC5,1775,0
ZCRB1,341,0
APOO,1222,0
SH3BGRL2,2325,0
DUSP4,2603,0
TPD52,2585,0
HS6ST3,127,0
FAM84A,2754,0
PSAT1,2551,0
ARPC3,2411,0
GBAS,2586,0
AF131215.8,2705,0
ITPR1,2740,0
GCSAML,2780,0
RP11-53O19.3,1588,0
RP11-819C21.1,1812,0
TOB1,774,0
STARD3,2582,0
RPL38,1556,0
CTD-3092A11.2,1932,1
TCF7,2534,0
COL5A2,2717,0
ATP5G1,1752,0
SSR4,1538,0
SEZ6L2,135,0
RP11-305E6.4,2754,0
POM121C,2278,0
PTPRD,963,0
ABCC8,2379,0
C16orf45,861,0
TMEM30A,2481,0
C21orf33,39,0
JMY,2814,0
GUCY1A2,2744,0
UGCG,2645,0
SRGAP3,2591,0
HSPA1A,1092,0
DDX41,82,0
ABAT,1434,0
TRPS1,2388,0
RTN4,2440,0
BRD8,2614,0
CD248,2478,0
CLASP2,957,0
ODC1,1983,0
CA11,647,0
CTBP2,857,0
GSKIP,2380,0
AZIN1,2587,0
PREPL,999,0
ZBED5,2774,0
TMEM35,2291,0
IER3,2674,0
DYSF,377,0
PGP,705,0
GLRX2,2806,0
FBXW11,2352,0
TMEM59,2750,0
IGFBP5,2823,0
SPATA20,791,0
DUSP26,42,0
KIRREL3-AS2,2480,0
LOC101927424,2707,0
SPRY2,2048,0
NALCN,2757,0
RPL4,1755,0
CDK13,255,0
SEC16A,2389,0
SLBP,2586,0
KIF3A,1554,0
GPAM,2569,0
RASGRP1,1590,0
PPP3CB,2541,0
PAPD7,2792,0
CD38,2781,0
LHX2,1838,0
RPL27,1862,0
SLC6A12,2524,0
PRDM16,2749,0
LRFN1,1680,0
RBM39,1729,0
ATOX1,2750,0
PDZD2,1112,0
VPS36,1694,0
BPTF,1511,0
ENTPD4,2544,0
CTSF,1534,0
B2M,1017,0
STAU1,1718,0
SNHG19,2225,0
BCAT1,2733,0
FBXL5,1679,0
FOXO3,1595,0
NDFIP1,2374,0
NACAP1,1327,0
THBS2,2748,0
ADRB1,1782,0
PSMA2,2181,0
SELT,2625,0
TP53INP2,384,0
KCNA3,2384,0
RASSF2,1612,0
RP11-309G3.3,2582,0
NEUROD6,2775,0
KIF23,2780,0
NOTCH2,2569,0
CTDSP2,2101,0
CYP46A1,2632,0
NIPA2,2841,0
MORF4L2,1955,0
STXBP5,2815,0
SYN3,2474,0
SLC38A1,2189,0
PPAP2A,1969,0
RBAKDN,2781,0
DUT,764,0
CNTN3,1424,0
ESRRG,2807,0
ZBTB1,2642,0
PNMAL1,2743,0
C1orf216,525,0
LOC100134368,2781,0
ZFPM2,2818,0
HAX1,588,0
CYP1B1,2823,0
RP11-167H9.3,2705,0
RELL1,2837,0
MAPK8IP1,2780,0
SRPK1,1552,0
CXXC5,2671,0
ELP3,621,0
TF,809,0
NDUFB3,2194,0
TMED9,1144,0
CDH8,1962,0
HIGD1A,2160,0
RP3-525N10.2,2122,0
TMEM158,2554,0
ARHGEF26-AS1,2247,0
TTC37,2354,0
MUSTN1,2823,0
MINOS1-NBL1,1007,0
MAML1,1068,0
PUS7,1733,0
NPPA,2670,0
ZC3H13,2724,0
SFN,2674,0
RP1-93H18.6,2781,0
MTMR6,1814,0
RP11-15P13.1,2705,0
IRS2,1501,0
TGFBI,1682,0
NAPEPLD,1542,0
LEFTY1,2480,0
EEF1G,1697,0
TMEM130,86,0
FAM136A,2525,0
RNF38,2625,0
SYNE1,2813,0
ZC2HC1A,2842,0
CSNK2B,785,0
GABRA1,528,0
SGPP1,2354,0
TCEB2,1155,0
LOC441155,629,0
TUBB2B,1200,0
PGAP1,1962,0
LINC00616,2780,0
MIR100HG,2721,0
DNAJC24,2754,0
BTF3,1653,0
MRPL27,2129,0
EDIL3,1375,0
ATP1B2,1140,0
KANSL1,780,0
VCAN,2825,0
KATNAL1,2428,0
SRRM1,1082,0
DNTTIP2,319,0
AC004951.6,2810,1
SOX21,2781,0
ZC3H15,2221,0
LOC729966,312,0
CAPRIN2,2362,0
DNM1,2304,0
RNF146,1998,0
MRPL9,1343,0
CHMP2B,2846,0
TXNDC12,143,0
TTK,2780,0
BAG3,2410,0
LOC221272,2480,0
BAHD1,2705,0
RCAN2,2593,0
C19orf53,589,0
RPL18,814,0
MCF2L2,2561,0
PRKAR2B,821,0
FN3KRP,1878,0
KHDRBS3,2787,0
RPL35A,291,0
SERBP1,70,0
SPATS2L,1713,0
GCC2,2666,0
CLU,1528,0
MEGF9,1883,0
RCN1,1617,0
NSRP1,1613,0
RP11-320H14.1,1814,0
HARBI1,2705,0
PPL,127,0
FBXW12,898,0
ADAMTS1,2823,0
IST1,2274,0
MIR124-2HG,2719,0
SOWAHA,1250,0
CLIP4,1814,0
SNRPG,2039,0
PSMD10,2289,0
RPL32,1937,0
MAT2A,1049,0
ELAVL2,2784,0
PDZRN3,2703,0
RNF20,2786,0
PRKCSH,286,0
RP11-649A18.7,2546,0
BARX1,2780,0
IRF2BP2,1750,0
UPF3A,2389,0
LOC100506725,2801,0
LY6H,2312,0
ANP32A,8,0
SPCS3,318,0
AARS,564,0
PPP1R3B,2781,0
LOC101927623,2781,0
ZCCHC12,2332,0
RP11-631N16.2,2480,0
PGM2L1,765,0
MIF,1312,0
CTNND2,2403,0
GLO1,550,0
CTD-2292M16.8,1625,0
SYN2,914,0
AHCYL1,918,0
RB1,2576,0
TMEM222,224,0
DUSP8,284,0
SSX2IP,2189,0
DCX,1646,0
NTRK2,728,0
LRRC8D,1225,0
SCRG1,1883,0
PSMG2,419,0
MRPL40,2657,0
COX6A1,2457,0
STAG2,1931,0
SH3RF1,2789,0
LOC100233156,237,0
RP4-710M16.1,2534,0
RRAGA,465,0
HTR2A,416,0
DDHD2,2593,0
RP5-1184F4.5,2705,0
VTCN1,2780,0
LOC101930059,1511,0
PPM1B,1358,0
MRPS28,2567,0
BLOC1S2,2543,0
NTN4,2703,0
REV3L,1758,0
TBC1D14,1066,0
MYEOV2,741,0
KLC2,227,0
RBBP7,1720,0
CAP2,2402,0
RPS3A,1703,0
SNCA,524,0
LMF1,1631,0
DNAH17-AS1,2780,0
RHBDD2,436,0
SLC19A2,2267,0
NOXA1,1365,0
MTUS1,2572,0
PPP2R2D,2754,0
FUNDC1,1803,0
C1orf115,2131,0
ZFP36L1,2674,0
NECAP1,2697,0
ADPRHL2,360,0
CAPZB,282,0
CTAGE11P,2780,0
WRB,1762,0
SAC3D1,2828,0
ZHX2,2708,0
AXIN1,2705,0
MT2A,1199,0
BEX2,2402,0
CREG1,865,0
MPP1,1053,0
GADD45A,2796,0
RPL41,2434,0
LOC100507388,2780,0
GPR27,2816,0
ZFAND5,2212,0
SCARA5,2823,0
RAB35,2642,0
LOC101928076,2781,0
FOXM1,2780,0
RP11-663N22.1,2705,0
KIT,2563,0
UBB,2683,0
FKBP3,1149,0
RP11-300A12.2,2780,0
DCST2,2781,0
EIF2AK1,78,0
EIF4A2,2191,0
IPO7,1858,0
PTPRM,2220,0
SRP19,172,0
RP11-559M23.1,2801,0
UNC5CL,2384,0
LHFP,2119,0
VGLL4,259,0
TMEM241,205,0
ATP6V0E1,2651,0
GPR17,824,0
AIDA,993,0
ELOVL7,2837,0
TJAP1,2444,0
B4GALT5,478,0
VWA5A,2103,0
RAD21,2607,0
DDX25,1948,0
SLC25A6,2110,0
FAM126A,2633,0
NADK2,2388,0
NDUFV3,222,0
TCF7L2,2249,0
IGFBP7,1099,0
MGC12488,2810,0
ATP13A1,2206,0
FAM174A,2345,0
HPCAL1,2824,0
NFU1,2733,0
CNPY2,2744,0
HDAC4,1876,0
LOC283588,2726,0
PPP1R1B,1476,0
RP11-690I21.2,1198,0
TMEM14B,971,0
EIF3I,236,0
CLDN5,2800,0
ATP6V1G1,2787,0
NDUFS2,2655,0
SELK,567,0
TMEM106B,1833,0
MICU3,999,0
PNN,0,0
PSMD14,652,0
MAT2B,2194,0
VSTM2L,1603,0
ZSWIM6,1115,0
UBE2A,2730,0
ZBTB16,809,0
LOC389765,2335,0
DDAH1,1167,0
KCNJ3,2798,0
AC007365.3,2478,0
NPEPPS,2416,0
KIF5B,858,0
PPP4R2,2140,0
BEND6,2585,0
USP31,868,0
ATP6AP1,2655,0
OPHN1,2777,0
BTAF1,1936,0
CABP1,2689,0
LCMT1,657,0
PDE1A,2135,0
HNRNPM,1112,0
PTPRS,12,0
DOK6,1812,0
NLGN4X,789,0
SLC12A2,1781,0
RASA1,1019,0
RPL19,1647,0
PPP2R1A,2153,0
KCNJ2,2224,0
PLOD2,2763,0
WARS,335,0
NHP2L1,2400,0
TRIL,2569,0
AADACL2,2781,0
AK097836,2780,0
TULP2,2780,0
FAM19A5,1378,0
FCER1A,2706,0
MGRN1,214,0
NLRC5,2534,0
SHROOM2,1266,0
OTUD3,2670,0
PTTG1IP,918,0
ATXN10,2638,0
DPP6,2457,0
HLA-DQB2,2706,0
MEF2A,1820,0
ACTR1B,1982,0
SUB1,1665,0
MFSD6,2634,0
PRR7-AS1,2705,0
GPC1,414,0
RAB2A,2729,0
ZDHHC7,1035,0
RIOK3,1874,0
RPL35,814,0
IFI16,2749,0
FGD5-AS1,1935,0
SGSM2,1868,0
TRAPPC6B,2846,0
FTO,2363,0
EHBP1,1021,0
OSBPL11,2674,0
APOBEC3C,2705,0
PXDC1,2802,0
HOTAIR,2781,0
SCN2A,1059,0
ALKBH6,325,0
ZNF445,2522,0
UQCRC2,2697,0
HRK,2320,0
TMEM203,2394,0
LOC100507557,2796,0
UBE2E3,1761,0
TMX2,1854,0
PLEKHB1,2779,0
USP34,779,0
EVA1C,2708,0
TTTY1,2384,0
ANKRD34C,2703,0
RAB28,370,0
LPPR5,1812,0
OPN3,2840,0
LYG1,2384,0
GLS,2166,0
DDX3Y,2339,0
LINC00577,2480,0
LOC101927702,2705,0
PYCARD,2705,0
G3BP2,2598,0
CRELD2,144,0
PTPRF,1464,0
BC070363,607,0
DTD1,2581,0
CACHD1,2707,0
KLF4,2823,0
SATB2,2098,0
ANKRD9,464,0
CCNG2,2140,0
MT1M,2825,1
SEC14L1,1931,0
NME5,2744,0
DNAJB1,1612,0
USP7,677,0
RP11-53A1.2,2780,0
CXCR4,2321,0
GPM6B,1609,0
AATK,602,0
MRPS9,2771,0
FBXO34,2737,0
HRH2,2781,0
CTD-2541J13.1,2780,0
PPP2CB,1836,0
RTCB,2400,0
UQCR11,2671,0
LECT2,2781,0
SKI,2158,0
EBPL,2567,0
3-Sep,1355,0
PRDX2,1752,0
NBPF10,1236,0
SHISA5,2203,0
AP2S1,522,0
IP6K2,2517,0
HLA-DPA2,2480,0
NDEL1,1695,0
RPS6KA5,1974,0
MAP1A,1355,0
C3orf43,2780,0
CD200,2411,0
ACLY,2625,0
CHCHD6,2395,0
NAP1L1,1031,0
SATB1,1100,0
DKFZP586I1420,2727,0
MIA-RAB4B,117,0
SSB,2815,0
ERH,616,0
SYT13,757,0
LOC102725188,483,0
ITSN2,2284,0
CDKN1A,2749,0
KCNJ9,362,0
C1R,2524,0
TNFSF9,2705,0
HNRNPD,92,0
AMZ2,1028,0
CHMP4A,1876,0
RECK,1267,0
BCL2L2,306,0
LMBRD2,2793,0
MT1F,847,0
STK38L,1160,0
TMEM184C,542,0
KPNA5,2786,0
RASD1,1922,0
DNASE2,2524,0
ARRDC3-AS1,2384,0
PSMC1,531,0
SLC35A1,999,0
KIAA1045,77,0
DYNC1H1,2408,0
CD163L1,2706,0
NELL2,2594,0
LINC01207,2780,0
SPECC1L,16,0
GUK1,1983,0
ESD,486,0
LSM14A,259,0
COX3,1689,0
TMEM97,135,0
ZRSR2,192,0
SNX11,286,0
IRF2BPL,1353,0
CEBPG,2118,0
SORBS1,1931,0
NPLOC4,165,0
HCG22,2705,0
AGAP4,2642,0
ZIC2,1559,0
TOMM5,2543,0
CASC3,349,0
LOC101926996,2705,0
SYNGR3,2731,0
LOC102724975,2781,0
ADAMTS16,2705,0
TDP2,2545,0
SLC25A21-AS1,2781,0
RABAC1,1721,0
LIX1,2749,0
PIN1,1159,0
SLC25A33,1111,0
LINC01305,2384,0
TOPBP1,2625,0
MLC1,2802,0
PRRT2,994,0
CYB5R3,1868,0
LCE1B,2780,0
SKIV2L,2642,0
AHI1,19,0
FAU,1666,0
NBEAL1,291,0
PTPRO,2678,0
PPP1R9A,1358,0
CDC42,2584,0
RAPGEF6,2353,0
CXXC1,276,0
MIR1236,2517,0
KLF15,2825,0
PSMC6,1244,0
CXCL16,2524,0
RPL29,814,0
NPM1,925,0
TTC7B,1018,0
PINLYP,2559,0
COL1A2,2823,0
SH2D5,1662,0
MAST3,480,0
CNOT7,1802,0
MAGI2,2425,0
CDK5RAP2,188,0
LMO4,1607,0
ACTB,2440,0
DAPK1-IT1,2810,0
COLEC12,2749,0
LOC100505715,1511,0
REEP1,572,0
CDC7,2045,0
ZC3H7B,2708,0
ATP6V0D1,181,0
APBA2,2784,0
TUBB3,2457,0
MT1HL1,847,0
THYN1,2531,0
CHRM3,1381,0
TCEAL3,2743,0
FAR2P2,2727,0
NFIC,456,0
ACBD3,2645,0
CAV1,2823,0
CTXN3,2703,0
ATG4D,2708,0
GPBP1,1031,0
BAG4,2798,0
TRMT112,1653,0
AKAP13,237,0
ASAP2,2048,0
KCNMA1,361,0
FABP7,2842,0
RPL31,1647,0
AK5,2407,0
UBE2Q2,2816,0
KCNQ3,2842,0
ITPK1,931,0
SNHG5,2234,0
WDR47,1059,0
COL24A1,2789,0
STX1A,151,0
SFPQ,2759,0
ANP32B,1162,0
ABHD17A,243,0
FLJ43315,2780,0
RPS24,291,0
AP2M1,1312,0
SSBP3,2392,0
SRSF8,1490,0
SCN1B,2834,0
CASQ2,2479,0
EIF1,1739,0
RAB8B,2690,0
FSD1,434,0
MAP3K4,2389,0
ODF3L1,2781,0
NRN1,499,0
DNAJC8,2202,0
TMEM63B,2534,0
RAB22A,2452,0
HEPACAM2,2780,0
PAK1,498,0
ARHGEF6,2766,0
NXPH1,2703,0
PHB2,2235,0
AACS,815,0
ZNF385A,1365,0
TTC9B,266,0
CADM2,1996,0
PTPRR,1433,0
LINC00341,2748,0
MPDZ,2787,0
SNX8,2559,0
AAK1,361,0
ARL1,2815,0
NRG3,2774,0
CARNS1,285,0
TNFSF13,2779,0
TNR,1213,0
FSTL5,2846,0
LAMP5,2639,0
ARL8B,2593,0
SPOPL,2795,0
MT3,928,0
LOC101930075,2449,0
ARHGEF4,293,0
DGKQ,1894,0
RPL8,657,0
EBAG9,2585,0
RASA2,1392,0
MIEN1,1006,0
SEC14L4,2705,0
SRI,2793,0
HN1,1985,0
TMBIM4,260,0
P2RY4,2480,0
KATNB1,97,0
DUSP6,2789,0
MOB4,2280,0
IBTK,2124,0
CDC27,1695,0
CSN2,2706,0
WSB1,1317,0
FBXL2,2842,0
LOC286068,2781,0
RPS27A,291,0
RP11-498C9.17,2706,0
MIR6890,36,0
ZCCHC24,1558,0
PCP4L1,2393,0
OGN,2479,0
SAMD4A,2802,0
ZNF121,2403,0
INTS8,1700,0
PHAX,2089,0
STX8,2130,0
BHLHE22,2448,0
XK,2846,0
LOC284939,2168,0
ADNP,2352,0
CDC42SE2,2638,0
SEMA4D,2276,0
TMEM9,1154,0
AKAP2,1991,0
LOC149373,2670,0
RALGDS,2460,0
LOC642852,74,0
ASAP1,2286,0
KIAA0513,1032,0
ROBO1,1375,0
PDHA1,516,0
DNAJB13,2705,0
CACNB3,985,0
NACA,623,0
KBTBD2,41,0
C12orf57,2514,0
COA6,1266,0
MANBAL,75,0
LOC100288238,2705,0
CACNA1A,1058,0
TSPAN7,2541,0
TMEM141,2546,0
EIF4EBP2,1365,0
EEF2,1411,0
MYH10,2731,0
NMNAT2,105,0
KGFLP2,2618,0
DICER1,593,0
PRSS3,2750,0
YBX3,2749,0
EPS8,2779,0
RRM2B,2786,0
PSMB4,525,0
FAM213A,1483,0
CHST15,2057,0
RP11-127B20.2,1204,0
ATP2B2,1452,0
LOC101927482,2780,0
SNHG1,1258,0
RFX4,2802,0
POLA1,2801,0
ANAPC13,374,0
ANKRD40,2825,0
VDAC3,2156,0
COX7A2,2294,0
CD63,794,0
LOC100508408,1654,0
MFHAS1,2117,0
YARS,1024,0
SYT17,2764,0
SULT1A1,964,0
FAM104A,2843,0
PNO1,1267,0
PPDPF,237,0
MAP1LC3B,1362,0
HNRNPH3,2274,0
PWAR6,2155,0
CADM1,834,0
VPS33B,99,0
DNAJA3,31,0
TPI1,452,0
ADRA2C,2670,0
RYBP,1280,0
MAGEE1,1499,0
PAM,2407,0
DMRTC1,1853,0
LOC101928189,1623,0
SF3A2,1683,0
TRAP1,212,0
CNP,912,0
KIF3C,861,0
PCNXL2,54,0
DZANK1,2546,0
PTGDS,989,0
MRPS6,1581,0
SCAMP5,236,0
PEG3,1955,0
TANC1,2633,0
RELN,233,0
HIGD1B,2749,0
UBR5,1395,0
CLCN6,2591,0
HSPBP1,237,0
ZNF213,153,0
DISP2,402,0
TRAPPC5,246,0
ATP2C1,1853,0
LOC102723918,2450,0
ERVH-1,1683,0
PTGES3,667,0
LINC01125,2384,0
PLEKHB2,2791,0
ANKRD13D,2158,0
IFITM1,2800,0
DAZAP2,328,0
GLTP,2387,0
CAMK1D,1941,0
MICU2,1467,0
CASC18,2705,0
SLC25A19,2642,0
PTS,2581,0
CKMT1A,533,0
ABHD14A,647,0
BHLHE40,1553,0
DUSP1,2800,0
NCKAP1,1084,0
LOC728730,2810,0
VPS37C,975,0
ADCY1,2840,0
PPM1K,1309,0
DGCR6L,2780,0
DLG2,74,0
CAMLG,1651,0
ZFR2,2648,0
JMJD7-PLA2G4B,2534,0
ID3,2823,0
FAM156A,547,0
RHEB,2220,0
BRSK2,237,0
CTCF,1422,0
CABLES1,2802,0
C19orf68,2582,0
PDCD6,1347,0
NAP1L2,2593,0
ACAD9,1508,0
CCDC78,2561,0
TNFRSF1A,2749,0
KCNJ10,2569,0
GNG5,1384,0
SCN8A,2744,0
DLGAP2,872,0
SYNM,1235,0
WDR45B,632,0
SOSTDC1,2703,0
MED16,1683,0
VPS11,80,0
DGKZ,1604,0
LDOC1L,430,0
RAB1B,1118,0
HILPDA,2674,0
PLN,2479,0
GRM3,1271,0
ETV4,2705,0
SEMA5B,2170,0
LPCAT1,1894,0
PDLIM1,2823,0
LINC00957,219,0
MMADHC,2697,0
POLR2I,1159,0
NBPF1,773,0
ACSL3,998,0
C16orf52,1243,0
RNF114,1863,0
R3HDM4,210,0
OSBPL6,2689,0
GAK,677,0
YTHDF3,2481,0
KIF5A,1528,0
TSC1,2536,0
FXYD6,2457,0
GPR37L1,2708,0
DMXL2,2818,0
SUMO4,228,0
GOLGA7,1335,0
PSMB5,2151,0
TRA2B,351,0
C19orf12,1606,0
NAA60,1571,0
UQCRFS1,2697,0
NOLC1,2792,0
MRFAP1,2682,0
SLC22A3,1583,0
HNRNPA1,1528,0
CCDC64B,2670,0
FAM179B,2175,0
MOAP1,2593,0
LINC00582,2705,0
PANK3,1775,0
FAM73A,2848,0
RP11-846E15.2,2534,0
C3,2458,0
PAFAH1B2,1660,0
TSPAN31,226,0
SRSF6,2352,0
SYCN,2780,0
SH3GL2,2710,0
SEPHS2,1661,0
NDUFB1,846,0
SLITRK1,2842,0
LYRM5,2050,0
EEF1A2,1078,0
EEF2K,1257,0
SLC25A23,225,0
MID2,2642,0
SSBP3-AS1,1874,0
RSF1,779,0
NCL,2356,0
ZNF827,217,0
PEG10,2656,0
SCAI,2839,0
ULK3,2518,0
DGKG,2508,0
XPOT,1677,0
LINC00528,2705,0
PPEF1,1683,1
CAT,2779,0
PDCD10,1904,0
DUSP14,2843,0
HIST1H3G,2781,0
DDN,177,0
PIM3,2014,0
HEPACAM,2187,0
RCC2,144,0
PRICKLE4,1899,0
SEPP1,1026,0
C19orf43,166,0
C7orf60,1779,0
ATXN1L,405,0
HACE1,2585,0
LOC102725271,1385,0
ZIC1,2800,0
MUM1L1,1811,0
OPCML,2541,0
MAP2K1,595,0
COPS6,653,0
CHKB,414,0
LOC101928278,2706,0
KCNK12,1456,0
RP11-24P14.1,2780,0
ZNF322,2727,0
AK094733,2705,0
PMEPA1,2506,0
RPS6KC1,2220,0
LOC101929787,2837,0
PBXIP1,2825,0
C5orf66,2524,0
ACRC,2822,0
CCNH,1878,0
PQLC1,1941,0
CHN2,2453,0
DQ570096,1706,0
RP1-179N16.6,2582,0
APLP2,2817,0
UBE2E1,2658,0
FMNL2,772,0
BC047484,1765,0
SRGN,2800,0
LOC646014,2810,0
LOC101929232,2809,0
SLC24A3,2323,0
CARM1,683,0
NCOA4,2041,0
CARKD,415,0
PUM1,1835,0
PAG1,1646,0
AMIGO2,2656,0
CXorf21,2801,0
LOC284889,2453,0
PBX1,764,0
BAIAP3,159,0
CSRNP3,698,0
KIF1A,1006,0
RP4-593H12.1,2384,0
LMO3,1832,0
C6orf48,160,0
TBCA,2009,0
AX747132,1108,0
CALN1,117,0
TRIM40,2781,0
RP11-215H22.1,2813,0
DBNDD1,2642,0
GFOD1,1826,0
ACKR3,2823,0
CKB,1739,0
EPB41L1,1785,0
NDUFB2,637,0
UBE2N,2733,0
SNTA1,2137,0
SLITRK5,1803,0
LOC101929694,2781,0
TUFT1,1618,0
CUTA,2457,0
SOX12,2801,0
PSMD7,2452,0
WASF2,2708,0
ZNF548,2524,0
CHI3L1,2674,0
DPY19L3,2072,0
VPS26A,2831,0
COX20,1513,0
DMTF1,2286,0
UBE2D2,1430,0
HMGB1P4,2278,0
PLD3,121,0
COX6B1,2731,0
KIAA0368,2484,0
ZMPSTE24,478,0
RRAGB,2705,0
RNF13,2352,0
STMN3,2456,0
OXR1,2741,0
SLC16A14,2298,0
8-Sep,2456,0
INPP1,938,0
IFNW1,2780,0
TCTEX1D2,2798,0
FIS1,2400,0
IL17D,991,0
ACVR1,2251,0
UNC79,2761,0
SLC35E1,898,0
KLHDC2,752,0
NRXN3,767,0
PSD2,1649,0
CHD9,1395,0
LOC644852,2781,0
PTPN5,612,0
CABP4,2384,0
CLDN10,2708,0
PRR34-AS1,450,1
LZTR1,1365,0
LINC01093,2781,0
CTC-444N24.11,1407,0
FAM96A,2365,0
GOLGB1,590,0
IRAK1,2549,0
CYBRD1,2749,0
SUGP2,2615,0
GORASP2,401,0
KHDRBS1,2476,0
SNORA71B,2781,0
ALDH8A1,2809,0
GYG1,352,0
BC042366,2781,0
GTF3C1,348,0
NR2E1,2779,0
LPIN1,2233,0
COL4A3BP,2645,0
MAP1LC3B2,2781,0
UBE2E2,1999,0
FSTL3,2670,0
TMEM104,2642,0
CLTC,550,0
SHISA6,2323,0
TCTA,191,0
RPLP0P1,2705,0
LOC100506272,2780,0
FGF1,2802,0
PCYOX1L,2750,1
PCBP1,2401,0
TXNL4A,2516,0
TMEM147,229,0
SOD2,1018,0
TNKS,2592,0
POLE3,2567,0
RPS15,1666,0
SLC39A12,2569,1
PGM1,427,0
EDAR,2670,0
SGIP1,2586,0
TRNP1,163,0
CCP110,1992,0
ALDH9A1,980,0
LRIG1,2779,0
LOC284242,2705,0
FAM107A,1199,0
FAM35A,2403,0
C10orf85,2320,0
UTP18,2846,0
GLOD4,2412,0
HEPH,2825,0
POLR2B,1487,0
ZMYND8,16,0
ST8SIA3,1517,0
MAP4K3,1894,0
COA5,957,0
MAPK3,163,0
CSK,1633,0
FAM120A,2788,0
EIF3A,1309,0
CLASP1,71,0
PRPSAP2,1894,0
USO1,1803,0
RP11-295M18.6,2603,0
LOC101927703,2706,0
HSPA12A,1956,0
DQX1,2780,0
IQSEC1,392,0
GALNT11,1940,0
TTC28,2161,0
DSP,2823,0
LOC285812,1363,0
PITPNC1,2746,0
CDK7,2567,0
ERLEC1,2793,0
ABCA3,53,0
GABRB1,2632,0
CEBPZ,2124,0
ZNF420,37,0
EBLN3,2824,0
UQCR10,655,0
C5orf30,1848,0
TADA2B,953,0
HSP90AA1,2626,0
KARS,2076,0
YAP1,2708,0
NDUFA12,2593,0
MMD,2803,0
IDS,1250,0
ELOVL5,2569,0
CRYZ,2350,0
CPNE2,2251,0
COX7B,419,0
MRPS24,2030,0
NPAS4,2383,0
HDX,2781,0
RGS7,408,0
HNRNPR,2423,0
SEMG1,2780,0
SORL1,2397,0
GABRD,2657,0
SAP18,2732,0
ATXN7L3B,1339,0
MLLT3,2022,0
PABPC1L2A,78,0
C12orf4,2095,0
RPL7,1703,0
MIR29B2,2832,0
TMX4,2791,0
SRCIN1,276,0
MBIP,2608,0
MEIS2,1327,0
BANP,12,0
HSPA8,2743,0
ARL6IP5,2282,0
INPP4A,2841,0
FAM149A,348,0
KIF3B,2414,0
BZW2,320,0
PSMC5,2639,0
AK094644,413,0
MALSU1,2585,0
ZNF469,2238,0
SYT1,2594,0
PARD6A,1846,0
HLA-DPA1,376,0
ASAP1-IT1,2524,0
ETFB,2680,0
RAP1GAP2,1623,0
COX5A,743,0
GAS2L1,806,0
SERINC3,446,0
RPL10,160,0
SLC9A6,2541,0
ANKDD1A,2386,0
RP11-2E11.9,1211,0
PRRG1,1451,0
ARF3,2457,0
GMFB,634,0
ANKRD49,1845,0
ACTR10,1234,0
CTTN,1257,0
PAXIP1,2522,0
SCARNA15,2613,0
TMEM100,2319,0
PEBP1,2694,0
TM9SF2,1904,0
RP11-589P10.5,2749,0
NHP2,2639,0
LOC286437,219,0
ZBTB33,373,0
KCNJ16,2749,0
ATP5A1,2743,0
VPS54,1863,0
LOC145474,2358,0
PSMA5,475,0
BC062753,2522,0
ACBD6,2567,0
PPME1,864,0
NCAN,1649,0
RADIL,2705,0
LOC101929325,2384,0
PCDH9,1556,0
CDKN2B-AS1,2780,0
PHYHIP,2784,0
C3orf18,1553,0
FANCL,1729,0
PSMC2,2699,0
PRKCZ,2456,0
JPX,2749,1
CAMK2G,1266,0
LOC101928304,2480,0
ANK2,2737,0
CTD-2366F13.2,1726,0
BNIP3L,2658,0
SRGAP2B,2725,0
SLC25A36,2787,0
UBXN2A,312,0
TCERG1,1657,0
MRPS35,437,0
LINC00115,2478,0
OAT,2477,0
SDHA,2634,0
LOC113230,2670,0
CRTC3,414,0
PSMB1,569,0
BABAM1,1851,0
COA3,2021,0
GNAS,2743,0
JUND,719,0
EPB41L4A-AS1,2412,0
CA2,2779,0
EIF1B,1019,0
DNAJB8,2705,0
TMED10,2048,0
PUM2,2175,0
MET,2702,0
PIRT,2603,0
SESTD1,2050,0
TREM1,2705,0
MRPL33,2740,0
ATP5C1,550,0
LOC102725017,1713,0
RAD23A,184,0
IMP4,2750,0
WDR17,2326,0
TAOK1,1465,0
RAB6B,534,0
LRP1B,2047,0
HPRT1,1761,0
LOC101929050,2780,0
ASNS,1956,0
EIF2A,2815,0
FABP5,2818,0
IER5,2740,0
NCAM1,397,0
CTSE,2384,0
NXF1,869,0
C3orf14,2411,0
DPP10,2585,0
TNS3,2676,0
UAP1,2181,0
RGPD3,1488,0
PFKM,2457,0
IL17RB,2799,0
MNT,2178,0
CHGA,820,0
TRAK2,369,0
CALCB,2781,0
SMIM17,2813,0
PRELP,2524,0
RRAGD,2354,0
CKAP5,236,0
PDZD4,1116,0
FUNDC2,676,0
GSPT2,2625,0
FAM217B,1234,0
ATP1B3,1581,0
HLTF,2352,0
CLTA,1339,0
LOC101243545,2443,0
AMPD2,720,0
PIK3CB,1263,0
DDX24,2193,0
RPL13,928,0
LOC647070,1583,0
EPC1,2015,0
ABCD3,2065,0
KCNMB4,74,0
SLC25A3,2287,0
CSE1L,2220,0
LOC100289333,1195,0
C11orf87,2790,0
SF3B4,286,0
HNRNPU-AS1,1724,0
C14orf166,2697,0
TMEM55A,2703,0
RALYL,562,0
ATP1B1,2820,0
PFDN5,1154,0
CLTB,645,0
TXNIP,2800,0
TUBB4B,2457,0
LDHA,2743,0
HNRNPAB,2394,0
LNP1,143,0
UBN1,2459,0
OCIAD1,1195,0
DST,2067,0
GPSM1,473,0
C21orf91,2459,0
PHGDH,2748,0
NDRG4,716,0
SNX31,2749,0
RPL7AP10,2546,0
FAM220A,419,0
EGR1,2414,0
MRAS,803,0
ZNF432,1173,0
LIMCH1,1251,0
GALNT16,2492,0
MANSC1,172,0
PRTFDC1,2116,0
N4BP2L2,2015,0
GALNT15,2748,0
CAB39,2697,0
PDZD11,64,0
CIPC,2795,0
CORO2B,574,0
KCNJ4,1243,0
DDX59,253,0
KCMF1,2645,0
DKK3,1955,0
SPATA24,2534,0
RPS16,1703,0
PSMG1,2703,0
RANBP6,1624,0
IGDCC4,2674,0
TMEM212,2524,0
SV2B,550,0
PODXL,2410,0
RABL6,1029,0
DDX21,1991,0
PLLP,1441,0
LINC-PINT,2645,0
ATP5F1,1234,0
KCNA1,1296,0
ADAR,2397,0
ARPP21,2747,0
C6orf120,2589,0
NIM1K,2077,0
TUBA4A,2541,0
FNTA,298,0
IARS,757,0
SLC7A14,2453,0
FCGBP,2749,0
TFRC,2180,0
AX747405,2780,0
TUBB2A,2663,0
LOC100996549,2781,0
PIFO,2705,0
PRICKLE2-AS3,2780,0
PTN,1008,0
LA16c-83F12.6,2559,0
CACNA1B,1785,0
RP1-170O19.14,2781,0
CCDC152,1195,0
USP12,1876,0
IARS2,2183,0
BC017398,2822,0
CCPG1,1410,0
SVOP,2776,0
CUX1,2833,0
RP11-480A16.1,2670,0
FERMT2,2578,0
VAPB,2142,0
NIPSNAP1,347,0
TIMM17A,2597,0
RAN,1521,0
CALM1,2305,0
C9orf38,2780,0
LOC100506248,1133,0
LOC101930149,2780,0
PRUNE2,2146,0
ATXN2,2828,0
ATPIF1,1763,0
GLUL,1455,0
ADCYAP1R1,2386,0
PTOV1,249,0
NUDT11,2221,0
CES4A,214,0
RAI1,2507,0
ID2,1109,0
THAP9-AS1,2818,0
RAP1GDS1,2281,0
CRYBG3,2335,0
LRRC47,710,0
WTAP,1160,0
MSMO1,1554,0
LOC101927098,2705,0
LOC101927673,514,0
CTIF,1292,0
EFEMP1,2779,0
ATP12A,2705,0
FHL3,2705,0
AFTPH,1735,0
MED13,1896,0
GLG1,455,0
CPE,1494,0
CDH10,562,0
NPTN,2663,0
FN1,2823,0
YY1AP1,137,0
VSNL1,2663,0
VPS4B,1677,0
AFG3L2,1940,0
RP11-67L3.4,2781,0
NAP1L5,2710,0
TSC22D1,2041,0
KIF21A,1623,0
UNC50,1904,0
CELF4,1593,0
OAZ1,2155,0
KMT2D,791,0
IGF2BP2,2382,0
ANO3,2380,0
GNG10,1250,0
APOC1,286,0
RNF165,164,0
IFT20,850,0
TAS2R19,2780,0
HIPK3,370,0
RPS12,1555,0
MYOM2,1369,0
SNRPD2,2235,0
CMPK1,2846,0
F3,2552,0
TUNAR,2320,0
C1orf95,1364,0
PODNL1,1267,0
CPSF3,1949,0
PCBP4,1633,0
THRB,1270,0
RP11-727A23.11,2670,0
ELAVL3,2178,0
CYP2B7P,2705,0
LASP1,711,0
ATL1,2541,0
GAB2,1612,0
ALCAM,290,0
UNC5B,2748,0
RPL5,1551,0
LARP1,1439,0
R3HDM2,369,0
PCDH8,1059,0
ADD2,2591,0
DEGS1,2122,0
MYL6,853,0
C11orf49,1852,0
ARCN1,2817,0
NPY,2217,0
LOC101929132,2705,0
LOC101927648,2705,0
OSBPL1A,907,0
ZNF280C,2705,0
JTB,2030,0
LOC101929478,2705,0
SCUBE1,2781,0
ZFR,1731,0
RPS29,1654,0
ACACB,2669,0
RAPH1,2824,0
C4orf48,362,0
POLR2G,676,0
C19orf54,1267,0
TTC13,1894,0
SH2B2,1187,0
HMGB1,1847,0
UBE2K,2300,0
FMOD,2670,0
ROBO3,2534,0
AMMECR1L,2065,0
STK24,329,0
TBC1D30,1392,0
ATP5E,1443,0
SRSF5,1836,0
SEC61B,2704,0
GABARAPL2,714,0
CELF5,2122,0
STK35,1927,0
COPS7A,1780,0
NAP1L3,2402,0
ASB13,92,0
VPS35,572,0
LOC101928676,977,0
TMEM132B,1694,0
CLDN11,2800,0
TUG1,867,0
RPL30,1703,0
GSAP,2095,0
LIFR,2569,0
HAPLN4,2832,0
KIAA1279,2411,0
RFTN1,1219,0
SLC25A5,623,0
CCDC84,1838,0
LINC01126,2480,0
BLOC1S5,1583,0
KDELR1,2459,0
PARP8,2812,0
NEDD8,2770,0
MORF4L1,2081,0
FAM102B,2817,0
LOC101927131,2706,0
SPG21,238,0
RPH3A,1287,0
SMAP1,2411,0
CHD4,2458,0
ACTR1A,111,0
LSM1,2102,0
ISM1-AS1,2781,0
OGDHL,1983,0
ACOT13,2567,0
ZNF562,2708,0
ATP8A1,1999,0
PPP6R1,1267,0
MROH6,2524,0
ZNF106,2403,0
CUL3,2610,0
FIG4,1312,0
SNAP91,2463,0
C14orf132,2010,0
GBE1,1804,0
SLC25A18,1253,0
CERK,1712,0
LINC00657,2082,0
RPP25L,1354,0
THTPA,1682,0
BSCL2,490,0
KLHL2,1955,0
KCNK1,2841,0
RP11-389C8.2,2749,0
ACO2,786,0
HAGH,2662,0
FEZ2,971,0
FGD1,2670,0
VAPA,1951,0
ASNSD1,2584,0
TTR,2780,0
NGRN,2030,0
MRPL15,1948,0
PEX5L,1102,0
DNAJA1,752,0
PET112,2657,0
ARL6IP1,2694,0
CHRDL1,2553,0
SELM,2366,0
SPHKAP,2323,0
NEFH,2270,0
SHANK3,456,0
DENND4B,1667,0
LOC101929260,2480,0
LOC285638,2705,0
ARL6,2589,0
C15orf27,1267,0
TMEM161B,2608,0
MRAP2,2806,0
LAP3,2703,0
SLC6A13,2800,0
GOLGA6L4,2506,0
EPHA4,767,0
SYBU,2527,0
RALBP1,1727,0
RNF168,2522,0
REEP3,2708,0
S100A4,2781,0
ABHD17B,643,0
SNPH,409,0
PURA,1595,0
NSUN6,2101,0
CSGALNACT1,2342,0
ST13,660,0
LOC285178,1680,0
KAT2B,2553,0
SLC14A1,2825,0
GABBR2,2731,0
YWHAH,2453,0
WLS,2825,0
AMPH,595,0
LINC00969,2810,0
MAP7D2,757,0
FGFR3,1060,0
SLC2A13,2693,0
LOC102724842,2705,0
BC042855,2480,0
MRPS22,2581,0
CAMSAP2,1192,0
PGRMC2,2709,0
GPR37,592,0
ANKRD10-IT1,1583,0
P4HTM,429,0
DNAJB9,2566,0
SULT4A1,499,0
KPTN,153,0
CILP,2705,0
REEP2,2827,0
GPM6A,2023,0
CRELD1,1779,0
DFNA5,2747,0
RXRA,1635,0
MDH2,489,0
CHP1,2395,0
SYT2,1779,0
LRPPRC,2452,0
TXNL1,408,0
NOL4,2174,0
DCAF4L1,2781,0
SALL2,1066,0
LONP1,583,0
THUMPD1,2568,0
GOT2,572,0
CHSY1,774,0
FADS1,2458,0
RP3-368A4.6,2761,0
KIAA1841,542,0
FH,2581,0
AP3S1,2159,0
EPS15,925,0
GAPDH,2743,0
SLC39A10,550,0
RPL36AL,919,0
LOC285043,2781,0
RPS15A,268,0
MIR6513,2669,0
KLHDC10,2672,0
SNX15,2608,0
SERINC5,2668,0
CALB2,824,0
DUS1L,169,0
XRCC2,2810,0
RBFOX3,444,0
PPP4R1,1371,0
ASRGL1,1931,0
COX7C,755,0
RPS2,1647,0
NR1D1,285,0
ARL4A,1974,0
TBCK,1285,0
MAPRE2,1676,0
UBR7,2598,0
NFASC,1833,0
SUPT7L,2591,0
LOC100130429,2749,0
MIR4784,1006,0
AK090844,316,0
LOC101927974,2478,0
EOGT,2546,0
NREP,1988,0
RPL36A,2581,0
USP33,2369,0
SNRPN,529,0
TMEM129,2126,0
ACTR8,2642,0
CHDC2,2384,0
C4orf27,2086,0
XRCC6,2634,0
PIP5K1B,2618,0
ACTR3B,1812,0
FTL,1351,0
PIGP,2847,0
PVALB,1714,0
APP,2009,0
ICAM5,2105,0
CHST10,4,0
SECISBP2,2056,0
TPM1,2051,0
MAP7,1630,0
UNC13C,2495,0
MTCH2,2398,0
ANKRD36B,1345,0
CLDND1,336,0
DDX6,160,0
PF4V1,2780,0
MLH1,2403,0
HILS1,2705,0
DRG1,1446,0
SCD,2410,0
CCDC151,2524,0
SMYD3,2395,0
GNAZ,886,0
STAC2,1365,0
FLJ39080,2480,0
KIAA1191,999,0
LINC00849,99,0
CFHR2,2478,0
BMI1,1386,0
HOPX,2793,0
CADPS2,820,0
LOC100130093,362,0
LEMD3,1814,0
HSPA5,2218,0
BIRC6,1018,0
CNDP2,290,0
PAIP2B,2802,0
LINC00342,2518,0
KIAA0391,2021,0
AFF1,2746,0
CNRIP1,2527,0
NME1,2639,0
GOLGA5,2846,0
SLC12A5,2402,0
PLOD1,2642,0
TCTN2,2642,0
AVPI1,2473,0
FRG1,2354,0
ANKRD44-IT1,2780,0
CTD-2537I9.5,2706,0
ZNF23,2354,0
LL22NC03-N27C7.1,2582,0
KRAS,2787,0
MIR6845,458,0
AGL,2487,0
LPHN3,2824,0
ENSA,723,0
MPHOSPH6,1805,0
BC038731,2559,0
LARS,361,0
NDUFA11,1212,0
HERC1,2786,0
AC004941.5,2801,0
HSPA2,1559,0
FAM199X,1712,0
LOC150051,2780,0
SASH1,1253,0
SV2C,2797,0
ZNF184,2741,0
ZNF721,1208,0
SLC18B1,2553,0
FAM13C,2755,0
GAFA1,2780,0
ATP6V0C,190,0
SLC16A9,2802,0
CEP164,1816,0
CABLES2,1946,0
SEC22B,374,0
RPL39,2008,0
TENM2,2082,0
FZD3,815,0
C11orf58,2084,0
FBXO21,2586,0
RP5-1074L1.4,2022,0
SPRYD4,2705,0
ATP2A2,526,0
CCT3,657,0
COPS5,2732,0
RNF6,2624,0
UNC5D,1291,0
EIF2S2,2130,0
IL33,2384,0
PIP5K1C,1312,0
CRBN,2585,0
PRKRIR,2464,0
RBPJL,2781,0
MLF2,249,0
KMT2E,1058,0
LUC7L,975,0
AHCTF1,2089,0
SS18L1,2816,0
CHRM1,434,0
GSS,111,0
SLC1A1,1805,0
FLOT1,861,0
NCOR2,414,0
TMEM14C,2439,0
ERVK3-1,2787,0
SPINT2,2334,0
MAP3K5,1250,0
FGF17,2705,0
KLF2,2823,0
PAK7,1891,0
SCG3,2768,0
BAI3,1489,0
EPHX4,2244,0
MACROD2,2754,0
EFS,2534,0
TMEM56,1974,0
TP53BP2,2569,0
PACS2,201,0
ATP2B4,592,0
FAM198B,2488,0
KCTD10,70,0
MIR3917,1506,0
HLA-DRB6,2705,0
RP3-406A7.7,2601,0
CMIP,286,0
NABP2,2705,0
PAQR6,2258,0
PSD3,2198,0
UQCRH,2593,0
HINT3,2779,0
DCTPP1,118,0
TM2D3,2593,0
CTD-2554C21.3,2801,0
SCN11A,2706,0
SERPINA10,2780,0
DROSHA,1624,0
SERPINA9,2801,0
HIVEP2,2490,0
RFK,845,0
CELSR3,412,0
SPON1,2779,0
CMC2,692,0
PNMA3,152,0
PNMA2,2542,0
LOC645166,147,0
PPTC7,2300,0
DCK,2848,0
KCNJ6,2485,0
PARK7,2513,0
SKA2,307,0
ZP4,2384,0
PSMD6,2289,0
RUVBL2,111,0
KIAA1377,2178,0
MIR600,2723,0
GRM7,1962,0
AP1B1,2534,0
CHM,2846,0
ABCA11P,2582,0
PPARD,210,0
SDHAP1,395,0
B3GALT2,1812,0
DVL1,1172,0
JAG1,2823,0
MIR1304,1405,0
CWC15,2368,0
TMEM263,2625,0
GPR158,2593,0
FASTKD1,1795,0
SYT16,1261,0
SUN1,2636,0
ATP6V1E1,2541,0
LOC729680,2447,0
RPL36,814,0
PIGT,232,0
WASF3,736,0
UBQLN2,1488,0
DAZAP1,774,0
SF3B1,616,0
LOC101929886,2425,0
PGF,1147,0
OIP5-AS1,2593,0
RNF123,2250,0
CTA-331P3.1,2780,0
VPS9D1,2608,0
MRPS15,112,0
LSS,681,0
GBP2,2670,0
USP48,2720,0
AK096592,2725,0
MAL2,2697,0
POGZ,1301,0
ATP13A2,730,0
TTC19,1034,0
BEX5,2710,0
ELK1,2708,0
FMO4,2384,0
RP11-366L5.1,2780,0
CS,1007,0
HDLBP,434,0
MKRN1,1287,0
SCGB2A2,2781,0
KIAA1598,1494,0
DENND6A,1371,0
ZNF248,1111,0
FIBP,1986,0
KBTBD6,1812,0
EIF4H,529,0
SLCO3A1,347,0
CUX2,2833,0
LOC100996412,2810,0
CHN1,2683,0
YWHAG,2820,0
TRIM38,2670,0
ZNF292,2622,0
SLC7A5,2101,0
KCNN2,2717,0
MSANTD3-TMEFF1,1120,0
ATP6V1H,2638,0
AKT3,1943,0
NDUFC2,1671,0
SLC26A11,1869,0
MID1,2460,0
PACSIN1,431,0
ATP5B,2542,0
CRY1,2576,0
LYRM7,2768,0
YWHAZ,2260,0
SLC25A44,1101,0
C1orf213,72,0
CALR,1365,0
C10orf32,2598,0
PAQR3,2755,0
POPDC3,2377,0
DEF8,137,0
LOC100507462,2781,0
MGEA5,2586,0
SRSF11,1262,0
CCNL2,850,0
CDIP1,409,0
TUSC1,509,0
FAM168B,1154,0
KIFC1,2705,0
SDF4,149,0
FOXP1,1062,0
TIGD1,208,0
LOC102724312,2705,0
DCAF8L2,2780,0
TMX3,2835,0
ALDH1B1,2480,0
ZBTB21,2425,0
CBX3,2424,0
GUSB,1816,0
SERF1A,2429,0
RWDD1,1804,0
LINC00537,228,0
ZDHHC17,1489,0
PSAPL1,2582,0
STAT4,2840,0
EDF1,2457,0
BLOC1S6,2696,0
MIR22,2362,0
ACYP1,2806,0
LOC100996668,877,0
DQ570835,2320,0
PTAR1,2570,0
GOLIM4,2569,0
CLUH,1377,0
ITGB5,2802,0
NCR3LG1,2164,0
LHFPL4,38,0
GUCA2A,2706,0
ALMS1-IT1,2705,0
HAPLN2,1683,0
ACBD5,2180,0
AKR1A1,2202,0
CFL1,2438,0
ANKMY2,2697,0
PLXNA1,1631,0
MAST4,2713,0
ATP6V0B,2151,0
KAT2A,869,0
PPP3CA,2223,0
PTDSS1,417,0
KAL1,2621,0
CD74,2670,0
FBXL17,1507,0
LGI4,2534,0
HDGF,1163,0
CCNT1,2444,0
COX7A2L,841,0
SAMHD1,2825,0
GAS7,698,0
RBFA,2524,0
YTHDF1,1520,0
MXI1,1157,0
RHOBTB3,2578,0
SPRYD3,985,0
CSPG5,1043,0
NAA20,2634,0
ARF1,85,0
KLHL30-AS1,2781,0
RAB9B,1880,0
GPX3,2657,0
SLC46A3,1392,0
CTC-425F1.4,12,0
RNF219,2496,0
HEXIM1,5,0
SDR39U1,367,0
CTSL,7,0
SLC7A9,2524,0
